"scenario_id","location","sex","age_group","cause","RMSE_deaths","RMSE_prev","error","IRadjust","CFadjust"
4,"Indonesia","Male","75-79","hhd",357.588478033918,4163.18162137882,4878.35857744665,0.8,0.65
5,"Indonesia","Male","55-59","istroke",269.925669655021,6590.4203285464,7130.27166785644,0.8,0.7
5,"Indonesia","Male","65-69","ihd",2451.39032914594,34679.613842363,39582.3945006549,0.8,0.7
5,"Indonesia","Male","70-74","hhd",413.722892506301,4761.16229723363,5588.60808224623,0.8,0.7
5,"Indonesia","Male","75-79","ihd",2055.84182957233,27080.4112215981,31192.0948807427,0.8,0.7
6,"Indonesia","Male","65-69","hhd",335.307077228476,3991.63898811249,4662.25314256944,0.8,0.75
7,"Indonesia","Male","70-74","ihd",3095.44518046443,36502.5812958524,42693.4716567812,0.8,0.8
7,"Indonesia","Female","75-79","istroke",3251.89865940815,18670.3875972132,25174.1849160295,0.8,0.8
8,"Indonesia","Female","60-64","istroke",225.984095517896,10449.478507891,10901.4466989268,0.8,0.85
9,"Indonesia","Female","70-74","hstroke",2114.85774180194,3637.21335295958,7866.92883656347,0.8,0.9
9,"Indonesia","Female","80-84","hhd",369.501187061734,3730.64800104404,4469.6503751675,0.8,0.9
9,"Indonesia","Female","80-84","hstroke",1094.00773844844,1556.34562834135,3744.36110523824,0.8,0.9
10,"Indonesia","Male","40-44","hstroke",1456.14307243393,1010.16460758736,3922.45075245521,0.8,0.95
10,"Indonesia","Female","65-69","ihd",1511.67959254141,29025.2727605578,32048.6319456406,0.8,0.95
10,"Indonesia","Female","75-79","hstroke",2026.66921527968,2774.26575782221,6827.60418838157,0.8,0.95
10,"Indonesia","Female","75-79","ihd",2619.48801364198,28871.0277388961,34110.0037661801,0.8,0.95
11,"Indonesia","Female","20-24","Cardiomyopathy and myocarditis",68.3014247361993,1591.55614044917,1728.15898992157,0.8,1
11,"Indonesia","Female","20-24","Rheumatic heart disease",392.343896636131,79622.2265550739,80406.9143483461,0.8,1
11,"Indonesia","Female","20-24","hhd",14.2369809211032,340.205568641774,368.679530483981,0.8,1
11,"Indonesia","Female","20-24","hstroke",138.660424341794,4774.07257540689,5051.39342409048,0.8,1
11,"Indonesia","Female","20-24","ihd",192.054836561026,15560.3843215974,15944.4939947194,0.8,1
11,"Indonesia","Female","20-24","istroke",25.052590749817,4842.88803019692,4892.99321169656,0.8,1
11,"Indonesia","Male","20-24","Cardiomyopathy and myocarditis",100.452335589773,2426.0093899818,2626.91406116135,0.8,1
11,"Indonesia","Male","20-24","Rheumatic heart disease",271.197936255095,69629.7083687506,70172.1042412608,0.8,1
11,"Indonesia","Male","20-24","hhd",30.4478421180143,283.99922521418,344.894909450209,0.8,1
11,"Indonesia","Male","20-24","hstroke",269.084745766397,4363.44437839488,4901.61386992767,0.8,1
11,"Indonesia","Male","20-24","ihd",517.618757605966,18601.052727964,19636.2902431759,0.8,1
11,"Indonesia","Male","20-24","istroke",42.2793226062643,7123.27108440305,7207.82972961558,0.8,1
11,"Indonesia","Female","25-29","Cardiomyopathy and myocarditis",85.2526835933372,1322.82115414058,1493.32652132725,0.8,1
11,"Indonesia","Female","25-29","Rheumatic heart disease",383.048885566528,93017.0029611282,93783.1007322613,0.8,1
11,"Indonesia","Female","25-29","hhd",30.5539493652336,413.657546721063,474.76544545153,0.8,1
11,"Indonesia","Female","25-29","hstroke",296.718553732403,5673.16405720453,6266.60116466934,0.8,1
11,"Indonesia","Female","25-29","ihd",305.203561736309,17410.8444530622,18021.2515765348,0.8,1
11,"Indonesia","Female","25-29","istroke",49.8292474862519,6287.46734222469,6387.1258371972,0.8,1
11,"Indonesia","Male","25-29","Cardiomyopathy and myocarditis",127.872846976996,1958.73747039591,2214.4831643499,0.8,1
11,"Indonesia","Male","25-29","Rheumatic heart disease",214.944917641886,78334.1601889212,78764.0500242049,0.8,1
11,"Indonesia","Male","25-29","hhd",57.4791203596054,331.416392325049,446.37463304426,0.8,1
11,"Indonesia","Male","25-29","hstroke",450.609396860682,5336.21232566766,6237.43111938902,0.8,1
11,"Indonesia","Male","25-29","ihd",634.69568002207,24915.1349785923,26184.5263386364,0.8,1
11,"Indonesia","Male","25-29","istroke",56.1582955975108,9506.933812544,9619.25040373903,0.8,1
11,"Indonesia","Female","30-34","Cardiomyopathy and myocarditis",92.2531553459774,1208.85369422113,1393.36000491308,0.8,1
11,"Indonesia","Female","30-34","Rheumatic heart disease",404.11759294831,92881.7335197866,93689.9687056833,0.8,1
11,"Indonesia","Female","30-34","hhd",40.9377941200891,744.86324989493,826.738838135108,0.8,1
11,"Indonesia","Female","30-34","hstroke",388.772440994,6340.78794751735,7118.33282950535,0.8,1
11,"Indonesia","Female","30-34","ihd",193.516364972176,20335.7028399481,20722.7355698924,0.8,1
11,"Indonesia","Female","30-34","istroke",44.0299269231239,8128.17423438748,8216.23408823373,0.8,1
11,"Indonesia","Male","30-34","Cardiomyopathy and myocarditis",163.708864554488,1815.0528651646,2142.47059427358,0.8,1
11,"Indonesia","Male","30-34","Rheumatic heart disease",203.324090850377,76712.5177745494,77119.1659562502,0.8,1
11,"Indonesia","Male","30-34","hhd",100.047153142867,595.840220877206,795.93452716294,0.8,1
11,"Indonesia","Male","30-34","hstroke",669.162076362644,5377.18148897954,6715.50564170483,0.8,1
11,"Indonesia","Male","30-34","ihd",581.908619138427,30936.8569900406,32100.6742283175,0.8,1
11,"Indonesia","Male","30-34","istroke",88.9530704476855,12151.5786328716,12329.484773767,0.8,1
11,"Indonesia","Female","35-39","Cardiomyopathy and myocarditis",93.852672743526,1180.08829409609,1367.79363958314,0.8,1
11,"Indonesia","Female","35-39","Rheumatic heart disease",438.584483215142,85898.0504870101,86775.2194534403,0.8,1
11,"Indonesia","Female","35-39","hhd",92.2671159056495,1154.25915345602,1338.79338526732,0.8,1
11,"Indonesia","Female","35-39","hstroke",812.807401336288,4700.7937310755,6326.40853374808,0.8,1
11,"Indonesia","Female","35-39","ihd",476.262967325287,19968.3449655629,20920.8709002135,0.8,1
11,"Indonesia","Female","35-39","istroke",153.240105239037,9698.55901486769,10005.0392253458,0.8,1
11,"Indonesia","Male","35-39","Cardiomyopathy and myocarditis",193.844294245989,1885.4831967646,2273.17178525658,0.8,1
11,"Indonesia","Male","35-39","Rheumatic heart disease",197.024258248367,69950.334589512,70344.3831060088,0.8,1
11,"Indonesia","Male","35-39","hhd",210.583138485557,926.46251292613,1347.62878989724,0.8,1
11,"Indonesia","Male","35-39","hstroke",1006.53595251076,3288.94360920567,5302.0155142272,0.8,1
11,"Indonesia","Male","35-39","ihd",1216.33070730607,36748.2712299338,39180.932644546,0.8,1
11,"Indonesia","Male","35-39","istroke",179.125300783103,15539.8206604541,15898.0712620203,0.8,1
11,"Indonesia","Female","40-44","Cardiomyopathy and myocarditis",106.311592109871,1120.49228828596,1333.1154725057,0.8,1
11,"Indonesia","Female","40-44","Rheumatic heart disease",509.618675599875,72699.4264537554,73718.6638049552,0.8,1
11,"Indonesia","Female","40-44","hhd",80.6203441678361,1300.95769174915,1462.19838008483,0.8,1
11,"Indonesia","Female","40-44","hstroke",629.52881208373,1416.99825611296,2676.05588028042,0.8,1
11,"Indonesia","Female","40-44","ihd",156.581806410647,25384.3659901803,25697.5296030016,0.8,1
11,"Indonesia","Female","40-44","istroke",199.732470007107,12950.0002155484,13349.4651555626,0.8,1
11,"Indonesia","Male","40-44","Cardiomyopathy and myocarditis",224.376944121087,1940.46832247668,2389.22221071885,0.8,1
11,"Indonesia","Male","40-44","Rheumatic heart disease",215.111419652389,59005.5458389999,59435.7686783047,0.8,1
11,"Indonesia","Male","40-44","hhd",388.559724677184,924.803260491116,1701.92270984548,0.8,1
11,"Indonesia","Male","40-44","ihd",2271.45047409677,48217.8655703998,52760.7665185933,0.8,1
11,"Indonesia","Male","40-44","istroke",470.40458129539,22659.4088188679,23600.2179814587,0.8,1
11,"Indonesia","Female","45-49","Cardiomyopathy and myocarditis",99.470099338435,935.539962190284,1134.48016086715,0.8,1
11,"Indonesia","Female","45-49","Rheumatic heart disease",415.109710872325,56248.5692080453,57078.78862979,0.8,1
11,"Indonesia","Female","45-49","ihd",163.335473587448,24802.05318352,25128.7241306949,0.8,1
11,"Indonesia","Female","45-49","istroke",324.851394778254,14232.5863345149,14882.2891240714,0.8,1
11,"Indonesia","Male","45-49","Cardiomyopathy and myocarditis",272.060213549425,1611.12478994299,2155.24521704184,0.8,1
11,"Indonesia","Male","45-49","Rheumatic heart disease",209.15094792825,44688.4402002432,45106.7420960997,0.8,1
11,"Indonesia","Male","45-49","ihd",1346.98384356318,48818.0410471183,51512.0087342446,0.8,1
11,"Indonesia","Male","45-49","istroke",542.967578834673,24093.5519771361,25179.4871348054,0.8,1
11,"Indonesia","Female","50-54","Cardiomyopathy and myocarditis",102.557864688736,678.283117227529,883.398846605001,0.8,1
11,"Indonesia","Female","50-54","Rheumatic heart disease",335.260000382861,40066.5068151738,40737.0268159395,0.8,1
11,"Indonesia","Female","50-54","ihd",413.65995782229,17951.4428385417,18778.7627541863,0.8,1
11,"Indonesia","Female","50-54","istroke",398.844202874497,13077.8106150296,13875.4990207786,0.8,1
11,"Indonesia","Male","50-54","Cardiomyopathy and myocarditis",285.91406619676,1097.14971591769,1668.97784831121,0.8,1
11,"Indonesia","Male","50-54","Rheumatic heart disease",185.998380900051,30795.2233668594,31167.2201286596,0.8,1
11,"Indonesia","Male","50-54","ihd",1295.32150920397,37714.9188890628,40305.5619074707,0.8,1
11,"Indonesia","Male","50-54","istroke",537.297602935625,18414.8678326295,19489.4630385008,0.8,1
11,"Indonesia","Female","55-59","Cardiomyopathy and myocarditis",117.376230916927,587.122673604612,821.875135438465,0.8,1
11,"Indonesia","Female","55-59","Rheumatic heart disease",268.727222783729,26173.8309062744,26711.2853518418,0.8,1
11,"Indonesia","Female","55-59","hhd",310.544100118767,2545.08345536107,3166.17165559861,0.8,1
11,"Indonesia","Female","55-59","ihd",685.251789188669,10638.1033234358,12008.6069018131,0.8,1
11,"Indonesia","Female","55-59","istroke",967.200366327046,8956.73074632623,10891.1314789803,0.8,1
11,"Indonesia","Male","55-59","Cardiomyopathy and myocarditis",297.111185625782,844.874716834153,1439.09708808572,0.8,1
11,"Indonesia","Male","55-59","Rheumatic heart disease",151.585051185925,19207.0684656927,19510.2385680645,0.8,1
11,"Indonesia","Male","55-59","hhd",430.427733619036,1131.62939528868,1992.48486252676,0.8,1
11,"Indonesia","Male","55-59","ihd",1984.55585279087,10341.4435586534,14310.5552642351,0.8,1
11,"Indonesia","Female","60-64","Cardiomyopathy and myocarditis",132.082735826997,759.548096820044,1023.71356847404,0.8,1
11,"Indonesia","Female","60-64","Rheumatic heart disease",190.641821750708,16421.4720074706,16802.755650972,0.8,1
11,"Indonesia","Female","60-64","hhd",402.160278666811,6355.23118737671,7159.55174471033,0.8,1
11,"Indonesia","Male","60-64","Cardiomyopathy and myocarditis",293.144541418394,1006.87763347462,1593.16671631141,0.8,1
11,"Indonesia","Male","60-64","Rheumatic heart disease",108.212690218826,11078.2476965444,11294.6730769821,0.8,1
11,"Indonesia","Male","60-64","hhd",340.886263498803,2221.68927231792,2903.46179931553,0.8,1
11,"Indonesia","Female","65-69","Cardiomyopathy and myocarditis",167.442775812862,1220.25577062012,1555.14132224584,0.8,1
11,"Indonesia","Female","65-69","Rheumatic heart disease",155.867737403794,11778.8860581709,12090.6215329785,0.8,1
11,"Indonesia","Female","65-69","hhd",816.462889168043,6445.35357196074,8078.27935029682,0.8,1
11,"Indonesia","Female","65-69","istroke",3159.42100976102,20162.5314660825,26481.3734856045,0.8,1
11,"Indonesia","Male","65-69","Cardiomyopathy and myocarditis",309.596066278277,1467.05665457315,2086.2487871297,0.8,1
11,"Indonesia","Male","65-69","Rheumatic heart disease",89.813299217545,7097.92468776204,7277.55128619713,0.8,1
11,"Indonesia","Female","70-74","Cardiomyopathy and myocarditis",221.56733172599,1734.87559637043,2178.01025982241,0.8,1
11,"Indonesia","Female","70-74","Rheumatic heart disease",120.59730355872,7575.2183874422,7816.41299455964,0.8,1
11,"Indonesia","Female","70-74","hhd",734.514431959959,7058.09285878356,8527.12172270348,0.8,1
11,"Indonesia","Female","70-74","ihd",2269.57400888042,36685.3527108945,41224.5007286554,0.8,1
11,"Indonesia","Female","70-74","istroke",2883.04590011851,23328.3511466633,29094.4429469004,0.8,1
11,"Indonesia","Male","70-74","Cardiomyopathy and myocarditis",339.041876905754,1828.53982934603,2506.62358315753,0.8,1
11,"Indonesia","Male","70-74","Rheumatic heart disease",77.5090491260429,4197.9565244112,4352.97462266328,0.8,1
11,"Indonesia","Female","75-79","Cardiomyopathy and myocarditis",282.965830952776,2195.46861362262,2761.40027552817,0.8,1
11,"Indonesia","Female","75-79","Rheumatic heart disease",72.9393238622174,4018.04716940946,4163.9258171339,0.8,1
11,"Indonesia","Female","75-79","hhd",974.385265995915,6752.35519985055,8701.12573184238,0.8,1
11,"Indonesia","Male","75-79","Cardiomyopathy and myocarditis",317.767136478765,1850.13316623071,2485.66743918824,0.8,1
11,"Indonesia","Male","75-79","Rheumatic heart disease",47.4913166897603,2037.11920033728,2132.1018337168,0.8,1
11,"Indonesia","Female","80-84","Cardiomyopathy and myocarditis",301.156454903119,2108.13404648118,2710.44695628741,0.8,1
11,"Indonesia","Female","80-84","Rheumatic heart disease",41.9045146275248,1574.35424594266,1658.16327519771,0.8,1
11,"Indonesia","Male","80-84","Cardiomyopathy and myocarditis",252.85726200367,1341.48683437266,1847.20135838,0.8,1
11,"Indonesia","Male","80-84","Rheumatic heart disease",26.0997711913265,736.293508472334,788.493050854987,0.8,1
11,"Indonesia","Female","85-89","Cardiomyopathy and myocarditis",195.899436774827,1249.13561401571,1640.93448756536,0.8,1
11,"Indonesia","Female","85-89","Rheumatic heart disease",18.5157170984939,434.926844553979,471.958278750967,0.8,1
11,"Indonesia","Male","85-89","Cardiomyopathy and myocarditis",134.873888333518,586.015080144757,855.762856811792,0.8,1
11,"Indonesia","Male","85-89","Rheumatic heart disease",10.4803873186737,188.172995891264,209.133770528611,0.8,1
11,"Indonesia","Female","90-94","Cardiomyopathy and myocarditis",91.9011269333086,407.877012419403,591.67926628602,0.8,1
11,"Indonesia","Female","90-94","Rheumatic heart disease",5.97648026145473,79.380647236698,91.3336077596075,0.8,1
11,"Indonesia","Male","90-94","Cardiomyopathy and myocarditis",48.1055117031196,128.9282148219,225.139238228139,0.8,1
11,"Indonesia","Male","90-94","Rheumatic heart disease",3.36159183433192,29.1534549729191,35.8766386415829,0.8,1
11,"Indonesia","Female","95+","Cardiomyopathy and myocarditis",7.55257943952755,28.1263244145766,43.2314832936317,0.8,1
11,"Indonesia","Female","95+","Rheumatic heart disease",0.34349328536688,3.5557045763804,4.24269114711416,0.8,1
11,"Indonesia","Male","95+","Cardiomyopathy and myocarditis",2.96867018754593,6.23979999100453,12.1771403660964,0.8,1
11,"Indonesia","Male","95+","Rheumatic heart disease",0.206869358925648,1.11033845481275,1.52407717266405,0.8,1
14,"Indonesia","Male","75-79","istroke",1125.39453246339,21544.1297825826,23794.9188475094,0.85,0.6
16,"Indonesia","Female","80-84","istroke",939.809165329573,9424.10732395327,11303.7256546124,0.85,0.7
17,"Indonesia","Male","70-74","istroke",998.797992261431,26904.100767465,28901.6967519879,0.85,0.75
19,"Indonesia","Male","45-49","hhd",41.0946758581417,385.152933677663,467.342285393947,0.85,0.85
22,"Indonesia","Female","45-49","hhd",47.9497094392315,351.618045852084,447.517464730547,0.85,1
28,"Indonesia","Female","85-89","hstroke",325.499193393645,762.989605670299,1413.98799245759,0.9,0.75
29,"Indonesia","Male","75-79","hstroke",1353.16502236688,1964.28170286741,4670.61174760116,0.9,0.8
29,"Indonesia","Female","80-84","ihd",962.660122147021,15031.8272687098,16957.1475130038,0.9,0.8
29,"Indonesia","Male","80-84","hstroke",597.140093244356,882.858330810119,2077.13851729883,0.9,0.8
30,"Indonesia","Female","65-69","hstroke",1534.75261328511,4623.22989219362,7692.73511876384,0.9,0.85
31,"Indonesia","Female","45-49","hstroke",255.771074125024,1763.32382965495,2274.865977905,0.9,0.9
37,"Indonesia","Male","80-84","ihd",1266.26570966773,12124.0732931017,14656.6047124372,0.95,0.65
40,"Indonesia","Male","70-74","hstroke",1681.48707570788,3322.72655675445,6685.7007081702,0.95,0.8
42,"Indonesia","Male","45-49","hstroke",326.510471094732,1846.73611044597,2499.75705263544,0.95,0.9
45,"Indonesia","Female","85-89","hhd",403.107164720127,1596.9381462748,2403.15247571505,1,0.5
45,"Indonesia","Female","85-89","ihd",1288.70164502906,6182.69350013686,8760.09679019499,1,0.5
45,"Indonesia","Male","85-89","hhd",310.43098744609,1592.95261820195,2213.81459309413,1,0.5
45,"Indonesia","Male","85-89","ihd",1289.66580385594,5021.88170767993,7601.21331539181,1,0.5
45,"Indonesia","Male","85-89","istroke",1311.68668162582,5229.06067664696,7852.4340398986,1,0.5
45,"Indonesia","Female","90-94","hhd",525.514340804439,3163.7667301919,4214.79541180078,1,0.5
45,"Indonesia","Female","90-94","hstroke",731.078577439231,790.983915995184,2253.14107087365,1,0.5
45,"Indonesia","Female","90-94","ihd",1650.29327876621,9849.75293757533,13150.3394951078,1,0.5
45,"Indonesia","Female","90-94","istroke",1603.52138465018,3570.25637606207,6777.29914536243,1,0.5
45,"Indonesia","Male","90-94","hhd",313.647950214479,1677.74421201079,2305.04011243975,1,0.5
45,"Indonesia","Male","90-94","hstroke",543.215613315598,318.209194680373,1404.64042131157,1,0.5
45,"Indonesia","Male","90-94","ihd",1671.53762579048,6899.00269093701,10242.077942518,1,0.5
45,"Indonesia","Male","90-94","istroke",1207.75568289389,4964.09882871951,7379.61019450728,1,0.5
45,"Indonesia","Female","95+","hhd",701.899888739293,2710.87195856883,4114.67173604741,1,0.5
45,"Indonesia","Female","95+","hstroke",940.369424446716,1426.07417158458,3306.81302047801,1,0.5
45,"Indonesia","Female","95+","ihd",2123.28298711659,9279.82919644236,13526.3951706755,1,0.5
45,"Indonesia","Female","95+","istroke",2004.23926656659,3586.4290567722,7594.90758990537,1,0.5
45,"Indonesia","Male","95+","hhd",239.714291785922,821.177964285482,1300.60654785733,1,0.5
45,"Indonesia","Male","95+","hstroke",464.748913293005,338.06310172085,1267.56092830686,1,0.5
45,"Indonesia","Male","95+","ihd",1555.53383967653,3799.26269351629,6910.33037286935,1,0.5
45,"Indonesia","Male","95+","istroke",978.779719485382,2445.10905119713,4402.6684901679,1,0.5
46,"Indonesia","Male","60-64","istroke",2495.08057695907,10470.5291360356,15460.6902899538,1,0.55
47,"Indonesia","Male","80-84","istroke",1719.88518516542,11297.4872292241,14737.257599555,1,0.6
48,"Indonesia","Female","85-89","istroke",721.260370743212,3499.31323408559,4941.83397557201,1,0.65
49,"Indonesia","Male","60-64","hstroke",4047.42326441997,4653.59782182596,12748.4443506659,1,0.7
49,"Indonesia","Male","65-69","istroke",641.392498687505,24625.2627719585,25908.0477693335,1,0.7
49,"Indonesia","Male","80-84","hhd",241.153376754579,2311.19781884506,2793.50457235422,1,0.7
50,"Indonesia","Female","55-59","hstroke",672.219152529951,3878.19415409861,5222.63245915851,1,0.75
50,"Indonesia","Male","55-59","hstroke",2325.18897435288,3973.91682419418,8624.29477289994,1,0.75
50,"Indonesia","Male","65-69","hstroke",2117.41985407043,5156.04630106597,9390.88600920682,1,0.75
51,"Indonesia","Female","60-64","hstroke",1098.84138114612,4418.99107763812,6616.67383993036,1,0.8
51,"Indonesia","Male","85-89","hstroke",343.467257174586,390.317790123178,1077.25230447235,1,0.8
52,"Indonesia","Female","50-54","hstroke",689.654685856597,3221.72129716937,4601.03066888256,1,0.85
52,"Indonesia","Male","50-54","hstroke",1538.27926645916,3209.88753508308,6286.44606800141,1,0.85
53,"Indonesia","Male","50-54","hhd",85.5066544912892,670.550969256278,841.564278238856,1,0.9
53,"Indonesia","Male","60-64","ihd",1555.64615063561,16058.01386223,19169.3061635012,1,0.9
55,"Indonesia","Female","50-54","hhd",75.1189626532668,537.501740021289,687.739665327823,1,1
55,"Indonesia","Female","60-64","ihd",795.07804511193,14881.3487046566,16471.5047948804,1,1
