location,sex,cause,age,RMSE_deaths_base,RMSE_prev_base,RMSE_deaths_cal,RMSE_prev_cal,base_err,cal_err,n_eval,n_par,hit_bound,bg_modified_rows
Indonesia,Female,Cardiomyopathy and myocarditis,20-24 years,7.67345726256821,86.5285922144708,28.0092308668368,188.487540339442,370.648925717045,90.1834819258304,267,32,FALSE,0
Indonesia,Female,Cardiomyopathy and myocarditis,25-29 years,9.2795032430552,50.3215217115893,7.79707999108791,69.3339737148352,370.648925717045,90.1834819258304,267,32,FALSE,0
Indonesia,Female,Cardiomyopathy and myocarditis,30-34 years,4.19849298434751,97.9734541097204,8.26969854514895,268.803726083501,370.648925717045,90.1834819258304,267,32,FALSE,0
Indonesia,Female,Cardiomyopathy and myocarditis,35-39 years,9.93876990144619,43.3026326910686,51.6927144119221,62.6478320184305,370.648925717045,90.1834819258304,267,32,FALSE,0
Indonesia,Female,Cardiomyopathy and myocarditis,40-44 years,7.79067968196369,30.8404351978513,28.736502944051,234.872691177501,370.648925717045,90.1834819258304,267,32,FALSE,0
Indonesia,Female,Cardiomyopathy and myocarditis,45-49 years,2.78335526319124,38.9152586388159,7.92097578295956,85.0457636040719,370.648925717045,90.1834819258304,267,32,FALSE,0
Indonesia,Female,Cardiomyopathy and myocarditis,50-54 years,26.275242561698,103.04253658015,27.4354498495529,52.6996432495352,370.648925717045,90.1834819258304,267,32,FALSE,0
Indonesia,Female,Cardiomyopathy and myocarditis,55-59 years,34.9475333908229,224.593529346675,11.7688637158229,332.232147642301,370.648925717045,90.1834819258304,267,32,FALSE,0
Indonesia,Female,Cardiomyopathy and myocarditis,60-64 years,26.5841936020703,275.696042943527,47.1513461679138,325.626600410471,370.648925717045,90.1834819258304,267,32,FALSE,0
Indonesia,Female,Cardiomyopathy and myocarditis,65-69 years,47.3471563067531,305.422985467943,25.048269383868,184.876201274611,370.648925717045,90.1834819258304,267,32,FALSE,0
Indonesia,Female,Cardiomyopathy and myocarditis,70-74 years,71.3386078041806,710.736300450327,18.809608296892,414.398875155239,370.648925717045,90.1834819258304,267,32,FALSE,0
Indonesia,Female,Cardiomyopathy and myocarditis,75-79 years,177.11523314633,1422.15769987758,28.0847424785317,782.276114839171,370.648925717045,90.1834819258304,267,32,FALSE,0
Indonesia,Female,Cardiomyopathy and myocarditis,80-84 years,274.88974738943,2298.50592998301,79.2566021305603,1171.73475552273,370.648925717045,90.1834819258304,267,32,FALSE,0
Indonesia,Female,Cardiomyopathy and myocarditis,85-89 years,330.917080252379,2234.51712805818,86.9056773916237,1073.66466410682,370.648925717045,90.1834819258304,267,32,FALSE,0
Indonesia,Female,Cardiomyopathy and myocarditis,90-94 years,277.751419528671,1253.88996138546,62.2007072240675,965.635519636623,370.648925717045,90.1834819258304,267,32,FALSE,0
Indonesia,Female,Cardiomyopathy and myocarditis,95+ years,175.367958303089,557.909996844948,194.608750973655,538.431129141231,370.648925717045,90.1834819258304,267,32,FALSE,0
Indonesia,Female,Hypertensive heart disease,20-24 years,6.72943397016926,148.83320603023,4.96508174298093,83.9090089788802,240.030179470513,73.148842546316,155,32,FALSE,0
Indonesia,Female,Hypertensive heart disease,25-29 years,12.3054090017696,85.6458342431481,15.3196814240409,73.2706774171392,240.030179470513,73.148842546316,155,32,FALSE,0
Indonesia,Female,Hypertensive heart disease,30-34 years,8.71372279282618,242.320956918423,13.4816004117641,524.066816161262,240.030179470513,73.148842546316,155,32,FALSE,0
Indonesia,Female,Hypertensive heart disease,35-39 years,46.0179324363924,495.662398699248,102.999745232167,441.720949403637,240.030179470513,73.148842546316,155,32,FALSE,0
Indonesia,Female,Hypertensive heart disease,40-44 years,33.3273606637127,752.014702844576,83.7670774725974,879.956288077368,240.030179470513,73.148842546316,155,32,FALSE,0
Indonesia,Female,Hypertensive heart disease,45-49 years,46.5022070185097,386.637190738898,349.992874335421,1049.80064043152,240.030179470513,73.148842546316,155,32,FALSE,0
Indonesia,Female,Hypertensive heart disease,50-54 years,116.772058040629,432.664282478238,50.2530298898815,579.379866078291,240.030179470513,73.148842546316,155,32,FALSE,0
Indonesia,Female,Hypertensive heart disease,55-59 years,434.047615560849,3834.33590139887,114.301949545927,804.747872919375,240.030179470513,73.148842546316,155,32,FALSE,0
Indonesia,Female,Hypertensive heart disease,60-64 years,456.416399601083,7053.79131569563,355.182296689349,3162.26210579992,240.030179470513,73.148842546316,155,32,FALSE,0
Indonesia,Female,Hypertensive heart disease,65-69 years,618.453797343827,5187.30611745435,576.237509632852,2588.4608740044,240.030179470513,73.148842546316,155,32,FALSE,0
Indonesia,Female,Hypertensive heart disease,70-74 years,815.858827254037,10967.8672956947,591.930485088197,4699.01773706034,240.030179470513,73.148842546316,155,32,FALSE,0
Indonesia,Female,Hypertensive heart disease,75-79 years,1732.12804686815,18439.3704745738,965.767793631838,7735.68357398429,240.030179470513,73.148842546316,155,32,FALSE,0
Indonesia,Female,Hypertensive heart disease,80-84 years,2051.76813889787,20948.7276834619,617.770594452727,10380.061670872,240.030179470513,73.148842546316,155,32,FALSE,0
Indonesia,Female,Hypertensive heart disease,85-89 years,1777.83570163612,13832.2835276119,390.168726292768,8218.54817846147,240.030179470513,73.148842546316,155,32,FALSE,0
Indonesia,Female,Hypertensive heart disease,90-94 years,1000.39168366369,5062.92154817554,225.876418380372,3432.34037133844,240.030179470513,73.148842546316,155,32,FALSE,0
Indonesia,Female,Hypertensive heart disease,95+ years,548.33842710821,2040.17039252971,618.230102173031,2120.5759765067,240.030179470513,73.148842546316,155,32,FALSE,0
Indonesia,Female,Intracerebral hemorrhage,20-24 years,53.6512125284453,1825.86049300198,39.5844748789329,901.311610232277,306.165592016634,67.617242667126,203,32,FALSE,0
Indonesia,Female,Intracerebral hemorrhage,25-29 years,132.188725736813,937.041874166593,79.2376078316413,888.501271131527,306.165592016634,67.617242667126,203,32,FALSE,0
Indonesia,Female,Intracerebral hemorrhage,30-34 years,155.714128270061,1381.3003530582,63.1780910114241,935.648086100404,306.165592016634,67.617242667126,203,32,FALSE,0
Indonesia,Female,Intracerebral hemorrhage,35-39 years,516.67735794487,2605.97650650485,173.485484257992,534.681519517459,306.165592016634,67.617242667126,203,32,FALSE,0
Indonesia,Female,Intracerebral hemorrhage,40-44 years,438.502979194195,3579.35472196036,1700.0475965237,2898.27469288967,306.165592016634,67.617242667126,203,32,FALSE,0
Indonesia,Female,Intracerebral hemorrhage,45-49 years,878.049401769797,4716.94025705619,1503.96733240554,4380.63250235897,306.165592016634,67.617242667126,203,32,FALSE,0
Indonesia,Female,Intracerebral hemorrhage,50-54 years,1259.2068394063,5008.21109988191,1777.2735720117,2750.40469163819,306.165592016634,67.617242667126,203,32,FALSE,0
Indonesia,Female,Intracerebral hemorrhage,55-59 years,2965.58476580752,6925.87149542683,1917.75426391234,8588.19238995274,306.165592016634,67.617242667126,203,32,FALSE,0
Indonesia,Female,Intracerebral hemorrhage,60-64 years,3348.52405440324,7750.98495981021,2291.2548871456,4349.98009555685,306.165592016634,67.617242667126,203,32,FALSE,0
Indonesia,Female,Intracerebral hemorrhage,65-69 years,3630.45590303634,8605.91767982541,2638.90278060396,4134.75477948031,306.165592016634,67.617242667126,203,32,FALSE,0
Indonesia,Female,Intracerebral hemorrhage,70-74 years,5672.06780622845,11296.4868074588,4057.98431480856,5740.99004195834,306.165592016634,67.617242667126,203,32,FALSE,0
Indonesia,Female,Intracerebral hemorrhage,75-79 years,6376.77477390436,12378.8803265373,2896.72157389331,4023.95839033972,306.165592016634,67.617242667126,203,32,FALSE,0
Indonesia,Female,Intracerebral hemorrhage,80-84 years,6086.0141822309,11532.509681036,2412.78373972047,1724.13310721114,306.165592016634,67.617242667126,203,32,FALSE,0
Indonesia,Female,Intracerebral hemorrhage,85-89 years,4188.15705500508,7685.23315660143,1641.07693803576,1400.76892987411,306.165592016634,67.617242667126,203,32,FALSE,0
Indonesia,Female,Intracerebral hemorrhage,90-94 years,2032.76792957279,3215.48907345524,495.355543087191,1520.11356980913,306.165592016634,67.617242667126,203,32,FALSE,0
Indonesia,Female,Intracerebral hemorrhage,95+ years,710.020946320532,1137.77801562255,808.479831092147,1184.62055131727,306.165592016634,67.617242667126,203,32,FALSE,0
Indonesia,Female,Ischemic heart disease,20-24 years,48.1535910836681,5952.45846541125,20.7582156626008,4249.06202306637,233.241304360712,85.531130831683,239,32,FALSE,0
Indonesia,Female,Ischemic heart disease,25-29 years,97.5146729363329,2298.45809458721,143.047540689803,585.152960480354,233.241304360712,85.531130831683,239,32,FALSE,0
Indonesia,Female,Ischemic heart disease,30-34 years,112.339972989606,1269.43274998906,140.804603701944,1949.77195555369,233.241304360712,85.531130831683,239,32,FALSE,0
Indonesia,Female,Ischemic heart disease,35-39 years,285.621559738504,3949.04732799068,648.293232075461,9852.45138844516,233.241304360712,85.531130831683,239,32,FALSE,0
Indonesia,Female,Ischemic heart disease,40-44 years,279.722961397303,10121.4052574765,374.821973252157,14684.823608652,233.241304360712,85.531130831683,239,32,FALSE,0
Indonesia,Female,Ischemic heart disease,45-49 years,291.626993956833,16555.4028380775,567.869488011328,17130.1869981173,233.241304360712,85.531130831683,239,32,FALSE,0
Indonesia,Female,Ischemic heart disease,50-54 years,493.375920043281,23742.4291298249,1023.00692718342,48888.5461780362,233.241304360712,85.531130831683,239,32,FALSE,0
Indonesia,Female,Ischemic heart disease,55-59 years,1225.63730924408,31254.4059495839,874.791650956012,40822.7341090257,233.241304360712,85.531130831683,239,32,FALSE,0
Indonesia,Female,Ischemic heart disease,60-64 years,1105.42613737632,34166.5357769218,2537.69002170684,11860.297903566,233.241304360712,85.531130831683,239,32,FALSE,0
Indonesia,Female,Ischemic heart disease,65-69 years,2330.20770306019,43493.7869187151,1051.02460980003,24629.9516280056,233.241304360712,85.531130831683,239,32,FALSE,0
Indonesia,Female,Ischemic heart disease,70-74 years,3665.29892630668,73392.1474650264,992.254303033443,49468.2869446125,233.241304360712,85.531130831683,239,32,FALSE,0
Indonesia,Female,Ischemic heart disease,75-79 years,6481.59686996397,90072.0503953469,3154.81993829393,68873.8337776412,233.241304360712,85.531130831683,239,32,FALSE,0
Indonesia,Female,Ischemic heart disease,80-84 years,6854.13694356473,82469.2635707554,2653.14421797909,60499.4757961087,233.241304360712,85.531130831683,239,32,FALSE,0
Indonesia,Female,Ischemic heart disease,85-89 years,5961.11390093161,49852.9747243761,2212.13705973774,39147.5808577909,233.241304360712,85.531130831683,239,32,FALSE,0
Indonesia,Female,Ischemic heart disease,90-94 years,3285.33530955659,17850.1677497682,1275.04688136486,16000.3901975448,233.241304360712,85.531130831683,239,32,FALSE,0
Indonesia,Female,Ischemic heart disease,95+ years,1639.99261184629,7119.81444903803,1790.5349098511,7036.97248141856,233.241304360712,85.531130831683,239,32,FALSE,0
Indonesia,Female,Ischemic stroke,20-24 years,7.1683695473641,1806.11278857164,16.9571132905273,953.476410060084,303.536644984001,101.904302005702,221,32,FALSE,0
Indonesia,Female,Ischemic stroke,25-29 years,17.9430404782389,768.096877165998,18.1110602604179,1494.56662769085,303.536644984001,101.904302005702,221,32,FALSE,0
Indonesia,Female,Ischemic stroke,30-34 years,9.4702358635591,913.28144548027,53.341625538606,2695.67362093353,303.536644984001,101.904302005702,221,32,FALSE,0
Indonesia,Female,Ischemic stroke,35-39 years,67.1188057131103,1910.68645849561,33.7071169121555,1843.0818408378,303.536644984001,101.904302005702,221,32,FALSE,0
Indonesia,Female,Ischemic stroke,40-44 years,39.3929274560947,3947.87694605333,92.9162667978998,8092.69367693366,303.536644984001,101.904302005702,221,32,FALSE,0
Indonesia,Female,Ischemic stroke,45-49 years,128.358894071786,6804.62943825469,229.033786525512,9353.79572252418,303.536644984001,101.904302005702,221,32,FALSE,0
Indonesia,Female,Ischemic stroke,50-54 years,187.989892833753,10653.155097831,203.599681068378,4579.31472593964,303.536644984001,101.904302005702,221,32,FALSE,0
Indonesia,Female,Ischemic stroke,55-59 years,792.782990163228,15248.3554880409,1089.96928008153,12883.7130482603,303.536644984001,101.904302005702,221,32,FALSE,0
Indonesia,Female,Ischemic stroke,60-64 years,597.641562541106,18349.3700354791,300.261161207233,21862.473507054,303.536644984001,101.904302005702,221,32,FALSE,0
Indonesia,Female,Ischemic stroke,65-69 years,2516.80526989162,25551.1961499897,774.274667578639,29026.5967685198,303.536644984001,101.904302005702,221,32,FALSE,0
Indonesia,Female,Ischemic stroke,70-74 years,3067.91464870854,44950.7217113414,2987.40059059976,30103.0384499017,303.536644984001,101.904302005702,221,32,FALSE,0
Indonesia,Female,Ischemic stroke,75-79 years,7687.25082862288,54302.1251151433,2475.25095661433,28566.6052616924,303.536644984001,101.904302005702,221,32,FALSE,0
Indonesia,Female,Ischemic stroke,80-84 years,8595.69984477373,49771.5092019332,5870.10137213761,28904.6212209797,303.536644984001,101.904302005702,221,32,FALSE,0
Indonesia,Female,Ischemic stroke,85-89 years,7935.41086001211,30173.8900352184,2375.09995770616,17607.4255055485,303.536644984001,101.904302005702,221,32,FALSE,0
Indonesia,Female,Ischemic stroke,90-94 years,4158.89411800033,9582.45653558055,1944.7266897004,6187.98396716913,303.536644984001,101.904302005702,221,32,FALSE,0
Indonesia,Female,Ischemic stroke,95+ years,1550.01743825535,2670.32900477244,1733.60838330622,2994.76953745053,303.536644984001,101.904302005702,221,32,FALSE,0
Indonesia,Female,Rheumatic heart disease,20-24 years,27.3928762586823,6351.30229897981,45.2920412165243,5596.03017634221,512.003200438671,184.346447435451,151,32,FALSE,0
Indonesia,Female,Rheumatic heart disease,25-29 years,20.6655618361518,4031.10199765167,14.4058349048605,5871.70394476633,512.003200438671,184.346447435451,151,32,FALSE,0
Indonesia,Female,Rheumatic heart disease,30-34 years,16.3381887829805,7803.87569405158,19.82764065966,8966.11546322043,512.003200438671,184.346447435451,151,32,FALSE,0
Indonesia,Female,Rheumatic heart disease,35-39 years,52.3725738119333,2638.1559474679,52.456200490072,2369.4396836155,512.003200438671,184.346447435451,151,32,FALSE,0
Indonesia,Female,Rheumatic heart disease,40-44 years,48.1761281582023,6039.7789332084,19.4046440446601,7027.48304701589,512.003200438671,184.346447435451,151,32,FALSE,0
Indonesia,Female,Rheumatic heart disease,45-49 years,115.581135593954,10768.3272018141,236.562810935724,11082.7127073359,512.003200438671,184.346447435451,151,32,FALSE,0
Indonesia,Female,Rheumatic heart disease,50-54 years,118.188549632516,11533.2508267108,32.9937227662244,12044.4868043689,512.003200438671,184.346447435451,151,32,FALSE,0
Indonesia,Female,Rheumatic heart disease,55-59 years,111.312256979831,10101.0785380756,42.7339518337446,11118.8822470001,512.003200438671,184.346447435451,151,32,FALSE,0
Indonesia,Female,Rheumatic heart disease,60-64 years,95.8327631518318,7266.05746989564,25.1113700974678,8044.40113697814,512.003200438671,184.346447435451,151,32,FALSE,0
Indonesia,Female,Rheumatic heart disease,65-69 years,75.1039893499343,5126.45238733612,47.5170137308818,5311.44392114471,512.003200438671,184.346447435451,151,32,FALSE,0
Indonesia,Female,Rheumatic heart disease,70-74 years,74.5506438054867,4743.43590940922,23.2965624017567,4895.50202114764,512.003200438671,184.346447435451,151,32,FALSE,0
Indonesia,Female,Rheumatic heart disease,75-79 years,64.5031147470602,3838.31750301819,19.2380941184608,4121.4547129966,512.003200438671,184.346447435451,151,32,FALSE,0
Indonesia,Female,Rheumatic heart disease,80-84 years,52.3461980458171,2473.51440871084,16.9208139334502,2565.78683885694,512.003200438671,184.346447435451,151,32,FALSE,0
Indonesia,Female,Rheumatic heart disease,85-89 years,37.006528164048,1079.70990728227,13.6802067879309,1089.96650369963,512.003200438671,184.346447435451,151,32,FALSE,0
Indonesia,Female,Rheumatic heart disease,90-94 years,18.3617765888209,281.221172029252,7.17522146029097,284.784016086267,512.003200438671,184.346447435451,151,32,FALSE,0
Indonesia,Female,Rheumatic heart disease,95+ years,7.51886209603315,70.1926635919972,8.29820099904092,69.7751938376395,512.003200438671,184.346447435451,151,32,FALSE,0
Indonesia,Male,Cardiomyopathy and myocarditis,20-24 years,20.1404388131086,83.5396717676361,5.57157887268556,69.0071967395461,286.788390085317,92.3839004372235,105,32,FALSE,0
Indonesia,Male,Cardiomyopathy and myocarditis,25-29 years,29.2336154307874,248.028421551068,17.5188630977076,451.711102611084,286.788390085317,92.3839004372235,105,32,FALSE,0
Indonesia,Male,Cardiomyopathy and myocarditis,30-34 years,30.4061838499606,289.422138944056,58.7282429949732,313.546769303319,286.788390085317,92.3839004372235,105,32,FALSE,0
Indonesia,Male,Cardiomyopathy and myocarditis,35-39 years,15.9849735029061,130.204722212115,28.2964930604447,394.974083768268,286.788390085317,92.3839004372235,105,32,FALSE,0
Indonesia,Male,Cardiomyopathy and myocarditis,40-44 years,48.5191982906691,47.5892234734396,56.0576661696306,364.508342160847,286.788390085317,92.3839004372235,105,32,FALSE,0
Indonesia,Male,Cardiomyopathy and myocarditis,45-49 years,15.8757107075092,48.3832627927829,31.1347755230216,185.672899611142,286.788390085317,92.3839004372235,105,32,FALSE,0
Indonesia,Male,Cardiomyopathy and myocarditis,50-54 years,58.4731818287899,132.256395167621,50.4015915596102,174.935744179813,286.788390085317,92.3839004372235,105,32,FALSE,0
Indonesia,Male,Cardiomyopathy and myocarditis,55-59 years,95.2655437178327,331.922009881465,114.401295979498,270.895531463123,286.788390085317,92.3839004372235,105,32,FALSE,0
Indonesia,Male,Cardiomyopathy and myocarditis,60-64 years,53.3488029849957,362.974130260509,172.543616094002,416.616246683292,286.788390085317,92.3839004372235,105,32,FALSE,0
Indonesia,Male,Cardiomyopathy and myocarditis,65-69 years,89.2278870276914,288.73688770759,66.9674723532083,97.3257632860202,286.788390085317,92.3839004372235,105,32,FALSE,0
Indonesia,Male,Cardiomyopathy and myocarditis,70-74 years,110.468227998023,743.21545065103,75.1102525150347,247.853348238589,286.788390085317,92.3839004372235,105,32,FALSE,0
Indonesia,Male,Cardiomyopathy and myocarditis,75-79 years,211.532063932813,1251.51563499472,97.9725770311099,256.318697527561,286.788390085317,92.3839004372235,105,32,FALSE,0
Indonesia,Male,Cardiomyopathy and myocarditis,80-84 years,249.782737204253,1595.43585733005,25.8437478664738,605.60673714274,286.788390085317,92.3839004372235,105,32,FALSE,0
Indonesia,Male,Cardiomyopathy and myocarditis,85-89 years,244.305304185946,1131.20024682206,91.6269274636924,479.330444370312,286.788390085317,92.3839004372235,105,32,FALSE,0
Indonesia,Male,Cardiomyopathy and myocarditis,90-94 years,158.476867927468,445.96771451681,114.955168622435,360.5450703671,286.788390085317,92.3839004372235,105,32,FALSE,0
Indonesia,Male,Cardiomyopathy and myocarditis,95+ years,65.6306905326921,130.635674459949,61.9708545422588,121.885422676568,286.788390085317,92.3839004372235,105,32,FALSE,0
Indonesia,Male,Hypertensive heart disease,20-24 years,14.2014204854513,162.001774017,2.51924567092017,147.074933654293,195.779943173631,55.7717578821348,249,32,FALSE,0
Indonesia,Male,Hypertensive heart disease,25-29 years,24.751877140783,120.386384743616,8.80375465807551,238.767545042822,195.779943173631,55.7717578821348,249,32,FALSE,0
Indonesia,Male,Hypertensive heart disease,30-34 years,31.2620002381483,316.035467209189,26.9371253682741,371.413284066406,195.779943173631,55.7717578821348,249,32,FALSE,0
Indonesia,Male,Hypertensive heart disease,35-39 years,87.550552738362,605.301239757335,75.2728042787214,155.966908387877,195.779943173631,55.7717578821348,249,32,FALSE,0
Indonesia,Male,Hypertensive heart disease,40-44 years,226.425678914726,934.177655454618,114.533648069019,972.368045947171,195.779943173631,55.7717578821348,249,32,FALSE,0
Indonesia,Male,Hypertensive heart disease,45-49 years,200.887064566758,566.553086905763,355.303918590759,537.983827277999,195.779943173631,55.7717578821348,249,32,FALSE,0
Indonesia,Male,Hypertensive heart disease,50-54 years,275.518305619445,360.074780501105,356.526713191161,3803.78983703922,195.779943173631,55.7717578821348,249,32,FALSE,0
Indonesia,Male,Hypertensive heart disease,55-59 years,860.086680740083,3656.17579976232,406.091190167126,574.758675026061,195.779943173631,55.7717578821348,249,32,FALSE,0
Indonesia,Male,Hypertensive heart disease,60-64 years,612.024128383012,5746.58641082301,499.770666081838,3443.02507120708,195.779943173631,55.7717578821348,249,32,FALSE,0
Indonesia,Male,Hypertensive heart disease,65-69 years,911.149170833791,2675.39280262213,762.34213419089,3135.80696358543,195.779943173631,55.7717578821348,249,32,FALSE,0
Indonesia,Male,Hypertensive heart disease,70-74 years,1075.73732167078,7183.20017956049,560.920674563206,3652.61393643513,195.779943173631,55.7717578821348,249,32,FALSE,0
Indonesia,Male,Hypertensive heart disease,75-79 years,1748.06428613375,11567.6736839696,362.257201510245,5530.13649848721,195.779943173631,55.7717578821348,249,32,FALSE,0
Indonesia,Male,Hypertensive heart disease,80-84 years,1577.25059918067,11195.8711524588,763.907723119585,5716.84939649505,195.779943173631,55.7717578821348,249,32,FALSE,0
Indonesia,Male,Hypertensive heart disease,85-89 years,1066.59488570433,6130.4761500907,185.766325194131,3006.59032518332,195.779943173631,55.7717578821348,249,32,FALSE,0
Indonesia,Male,Hypertensive heart disease,90-94 years,473.360635566321,1974.74956777404,127.067476880378,1496.78509033341,195.779943173631,55.7717578821348,249,32,FALSE,0
Indonesia,Male,Hypertensive heart disease,95+ years,175.63887790382,580.932324716012,203.634706126596,577.214303181312,195.779943173631,55.7717578821348,249,32,FALSE,0
Indonesia,Male,Intracerebral hemorrhage,20-24 years,119.770910239127,2212.62936989485,93.4289097817587,3246.10731824653,265.27240507689,57.5062288695425,287,32,FALSE,0
Indonesia,Male,Intracerebral hemorrhage,25-29 years,216.820236067094,1882.90270705531,180.772023727134,2156.66043204807,265.27240507689,57.5062288695425,287,32,FALSE,0
Indonesia,Male,Intracerebral hemorrhage,30-34 years,266.685142219786,2373.41336486155,144.788937272639,1285.94145088396,265.27240507689,57.5062288695425,287,32,FALSE,0
Indonesia,Male,Intracerebral hemorrhage,35-39 years,532.462641916814,3033.86962633535,813.334761578161,580.723848430517,265.27240507689,57.5062288695425,287,32,FALSE,0
Indonesia,Male,Intracerebral hemorrhage,40-44 years,1397.38106811385,3319.17134974549,491.368259991627,2108.89538139385,265.27240507689,57.5062288695425,287,32,FALSE,0
Indonesia,Male,Intracerebral hemorrhage,45-49 years,1490.36725144774,4405.67717524162,577.375913868354,4827.52078190342,265.27240507689,57.5062288695425,287,32,FALSE,0
Indonesia,Male,Intracerebral hemorrhage,50-54 years,1790.40726915657,4111.23680798975,1871.03276536953,10316.0698431339,265.27240507689,57.5062288695425,287,32,FALSE,0
Indonesia,Male,Intracerebral hemorrhage,55-59 years,3017.86454946301,3576.27320467884,3167.86912782776,8910.0500692978,265.27240507689,57.5062288695425,287,32,FALSE,0
Indonesia,Male,Intracerebral hemorrhage,60-64 years,2356.25214029566,3225.13412225557,1755.71908426976,7836.87464759121,265.27240507689,57.5062288695425,287,32,FALSE,0
Indonesia,Male,Intracerebral hemorrhage,65-69 years,3563.14321946358,4146.33158120521,945.315916394684,4217.96234096852,265.27240507689,57.5062288695425,287,32,FALSE,0
Indonesia,Male,Intracerebral hemorrhage,70-74 years,5237.99793802333,6626.02060363764,2872.93759872094,3789.20134503592,265.27240507689,57.5062288695425,287,32,FALSE,0
Indonesia,Male,Intracerebral hemorrhage,75-79 years,5992.18905555151,6755.91975772927,1826.93385705749,1412.83352682486,265.27240507689,57.5062288695425,287,32,FALSE,0
Indonesia,Male,Intracerebral hemorrhage,80-84 years,4770.80270315293,4945.77000248543,1469.14729126632,1008.23986379828,265.27240507689,57.5062288695425,287,32,FALSE,0
Indonesia,Male,Intracerebral hemorrhage,85-89 years,2684.8804882374,2773.55046235655,821.634034083028,797.180505772791,265.27240507689,57.5062288695425,287,32,FALSE,0
Indonesia,Male,Intracerebral hemorrhage,90-94 years,1164.17378137659,1328.3327350775,406.472712423569,639.780029792829,265.27240507689,57.5062288695425,287,32,FALSE,0
Indonesia,Male,Intracerebral hemorrhage,95+ years,341.329951535348,221.542415930602,388.272306004761,265.914628160519,265.27240507689,57.5062288695425,287,32,FALSE,0
Indonesia,Male,Ischemic heart disease,20-24 years,181.244455497828,8005.20414660277,203.893395963608,7443.12517670794,226.981293250116,91.668239668174,202,32,FALSE,0
Indonesia,Male,Ischemic heart disease,25-29 years,194.582132384627,4936.91780076008,324.741944009255,2934.2549809431,226.981293250116,91.668239668174,202,32,FALSE,0
Indonesia,Male,Ischemic heart disease,30-34 years,107.013115285613,4224.86594674015,484.898112301735,6195.15950862842,226.981293250116,91.668239668174,202,32,FALSE,0
Indonesia,Male,Ischemic heart disease,35-39 years,319.573583888572,6905.7935899996,959.920890658663,10700.1731129294,226.981293250116,91.668239668174,202,32,FALSE,0
Indonesia,Male,Ischemic heart disease,40-44 years,960.97395996462,14241.5572963942,1932.40915425116,8643.43573264113,226.981293250116,91.668239668174,202,32,FALSE,0
Indonesia,Male,Ischemic heart disease,45-49 years,525.524895740663,24745.3516229028,1448.47535623707,17399.8902420817,226.981293250116,91.668239668174,202,32,FALSE,0
Indonesia,Male,Ischemic heart disease,50-54 years,972.294725384235,33944.5657771241,776.819744408884,34258.9053409285,226.981293250116,91.668239668174,202,32,FALSE,0
Indonesia,Male,Ischemic heart disease,55-59 years,2141.23391694266,37137.5314918008,1069.03233313026,77387.4144278514,226.981293250116,91.668239668174,202,32,FALSE,0
Indonesia,Male,Ischemic heart disease,60-64 years,1430.11499658407,32504.3366121881,2251.98835427486,59595.1812263172,226.981293250116,91.668239668174,202,32,FALSE,0
Indonesia,Male,Ischemic heart disease,65-69 years,4389.62292053795,41883.939568565,1456.80267854478,43851.2293852922,226.981293250116,91.668239668174,202,32,FALSE,0
Indonesia,Male,Ischemic heart disease,70-74 years,6210.44074009479,68346.0724285562,3495.42885411186,38137.2448497303,226.981293250116,91.668239668174,202,32,FALSE,0
Indonesia,Male,Ischemic heart disease,75-79 years,8308.85220573349,77318.6630660417,2311.56189777364,45552.2189720988,226.981293250116,91.668239668174,202,32,FALSE,0
Indonesia,Male,Ischemic heart disease,80-84 years,7819.26830015703,63594.9617095118,5082.54481184539,42194.8887911073,226.981293250116,91.668239668174,202,32,FALSE,0
Indonesia,Male,Ischemic heart disease,85-89 years,5845.4811144647,33546.7318636099,2185.64584877132,21982.3345357285,226.981293250116,91.668239668174,202,32,FALSE,0
Indonesia,Male,Ischemic heart disease,90-94 years,2989.79508074341,10301.169367923,1170.46415301198,12211.220456731,226.981293250116,91.668239668174,202,32,FALSE,0
Indonesia,Male,Ischemic heart disease,95+ years,1164.36681645185,2823.55381822006,1231.28601338479,2407.0088838667,226.981293250116,91.668239668174,202,32,FALSE,0
Indonesia,Male,Ischemic stroke,20-24 years,17.1535906514807,3215.69270216191,8.95310154667577,4129.49166501151,226.992779199171,70.2751580970012,278,32,FALSE,0
Indonesia,Male,Ischemic stroke,25-29 years,20.0975364360533,2267.00780177978,12.401640875701,3504.93096786653,226.992779199171,70.2751580970012,278,32,FALSE,0
Indonesia,Male,Ischemic stroke,30-34 years,22.1442694058608,2214.34705442966,13.467000985106,4535.85931589301,226.992779199171,70.2751580970012,278,32,FALSE,0
Indonesia,Male,Ischemic stroke,35-39 years,56.4444933713255,3534.78335518066,39.4794820895001,5751.67363213504,226.992779199171,70.2751580970012,278,32,FALSE,0
Indonesia,Male,Ischemic stroke,40-44 years,212.650931489868,6615.41937641819,39.0128917090669,4432.85566189601,226.992779199171,70.2751580970012,278,32,FALSE,0
Indonesia,Male,Ischemic stroke,45-49 years,220.814745727328,10581.2624111438,40.6428805715172,10344.5099992194,226.992779199171,70.2751580970012,278,32,FALSE,0
Indonesia,Male,Ischemic stroke,50-54 years,253.881841725151,14070.1954117238,120.998501521106,7496.95241310095,226.992779199171,70.2751580970012,278,32,FALSE,0
Indonesia,Male,Ischemic stroke,55-59 years,1265.52804408835,14278.9106670334,236.622414075367,17548.1133474093,226.992779199171,70.2751580970012,278,32,FALSE,0
Indonesia,Male,Ischemic stroke,60-64 years,321.809323849082,12444.4394802935,1041.30770705424,9090.70946454095,226.992779199171,70.2751580970012,278,32,FALSE,0
Indonesia,Male,Ischemic stroke,65-69 years,2582.01054245043,20496.7345229475,729.962453271227,17222.7947728512,226.992779199171,70.2751580970012,278,32,FALSE,0
Indonesia,Male,Ischemic stroke,70-74 years,2871.50123240258,44169.1803220454,1572.87752071421,29451.9832777441,226.992779199171,70.2751580970012,278,32,FALSE,0
Indonesia,Male,Ischemic stroke,75-79 years,6698.62362470157,55501.7648348634,1432.67046018033,34903.1805036535,226.992779199171,70.2751580970012,278,32,FALSE,0
Indonesia,Male,Ischemic stroke,80-84 years,6139.22877156016,48023.8886870875,2151.7832085048,39545.9362321852,226.992779199171,70.2751580970012,278,32,FALSE,0
Indonesia,Male,Ischemic stroke,85-89 years,4951.03726663843,26912.9233614557,2032.49511276853,21222.5111506284,226.992779199171,70.2751580970012,278,32,FALSE,0
Indonesia,Male,Ischemic stroke,90-94 years,2415.35211398843,7815.89682186043,806.636954833537,6821.3256087406,226.992779199171,70.2751580970012,278,32,FALSE,0
Indonesia,Male,Ischemic stroke,95+ years,730.442846496507,1718.95949230978,835.533351813276,1690.49756703103,226.992779199171,70.2751580970012,278,32,FALSE,0
Indonesia,Male,Rheumatic heart disease,20-24 years,31.2958207413733,6163.07526613445,7.68736664599196,3728.06665254043,427.587337048923,140.040044906092,214,32,FALSE,0
Indonesia,Male,Rheumatic heart disease,25-29 years,24.7143882342059,1819.93910301196,13.2129427939149,4918.37334574688,427.587337048923,140.040044906092,214,32,FALSE,0
Indonesia,Male,Rheumatic heart disease,30-34 years,19.0708500230981,5092.82157077411,41.8610523868359,4376.72910423894,427.587337048923,140.040044906092,214,32,FALSE,0
Indonesia,Male,Rheumatic heart disease,35-39 years,26.750554048064,1665.43016286072,14.8068506610028,1002.72994329309,427.587337048923,140.040044906092,214,32,FALSE,0
Indonesia,Male,Rheumatic heart disease,40-44 years,37.984744139152,4143.95386886822,5.7996970697479,4129.68971667905,427.587337048923,140.040044906092,214,32,FALSE,0
Indonesia,Male,Rheumatic heart disease,45-49 years,46.1950610739806,7804.74300595851,25.3296593417927,8383.47769575687,427.587337048923,140.040044906092,214,32,FALSE,0
Indonesia,Male,Rheumatic heart disease,50-54 years,59.8309100001601,8058.68476953611,21.5878495380583,8689.85998088442,427.587337048923,140.040044906092,214,32,FALSE,0
Indonesia,Male,Rheumatic heart disease,55-59 years,58.0166246874672,6378.56260390483,32.306477678216,6721.31594633644,427.587337048923,140.040044906092,214,32,FALSE,0
Indonesia,Male,Rheumatic heart disease,60-64 years,49.2982356862598,4158.17040180982,25.9088295497482,4355.84442639188,427.587337048923,140.040044906092,214,32,FALSE,0
Indonesia,Male,Rheumatic heart disease,65-69 years,39.9264167247312,2618.60402236924,6.14079874609773,2718.63669567489,427.587337048923,140.040044906092,214,32,FALSE,0
Indonesia,Male,Rheumatic heart disease,70-74 years,43.456453594861,2368.88515041947,5.92077991026974,2479.66059419787,427.587337048923,140.040044906092,214,32,FALSE,0
Indonesia,Male,Rheumatic heart disease,75-79 years,41.0526429305321,1856.77387917925,13.5340620152355,1918.49627012542,427.587337048923,140.040044906092,214,32,FALSE,0
Indonesia,Male,Rheumatic heart disease,80-84 years,31.9543902778988,1123.28090599139,14.4708463525616,1125.92660624096,427.587337048923,140.040044906092,214,32,FALSE,0
Indonesia,Male,Rheumatic heart disease,85-89 years,20.6684608216172,442.235782711848,7.87265861566441,435.885076045539,427.587337048923,140.040044906092,214,32,FALSE,0
Indonesia,Male,Rheumatic heart disease,90-94 years,11.9006503026913,103.581936893078,4.63709851164389,121.905328864088,427.587337048923,140.040044906092,214,32,FALSE,0
Indonesia,Male,Rheumatic heart disease,95+ years,5.33789441221937,22.8605661880553,5.75055015616471,20.3704805337048,427.587337048923,140.040044906092,214,32,FALSE,0
