location,sex,cause,age,RMSE_deaths_base,RMSE_prev_base,RMSE_deaths_cal,RMSE_prev_cal,base_err,cal_err,n_eval,n_par,hit_bound,bg_modified_rows,pct_improvement
Indonesia,Female,Cardiomyopathy and myocarditis,20-24 years,7.67345726256821,86.5285922144708,19.8615451687067,90.1834670899062,370.648925717045,147.173253709963,401,32,FALSE,0,60.2930850466527
Indonesia,Female,Cardiomyopathy and myocarditis,25-29 years,9.2795032430552,50.3215217115893,3.77467259667842,140.235462747219,370.648925717045,147.173253709963,401,32,FALSE,0,60.2930850466527
Indonesia,Female,Cardiomyopathy and myocarditis,30-34 years,4.19849298434751,97.9734541097204,27.1794389980094,284.122321534382,370.648925717045,147.173253709963,401,32,FALSE,0,60.2930850466527
Indonesia,Female,Cardiomyopathy and myocarditis,35-39 years,9.93876990144619,43.3026326910686,7.85667642419819,285.25523278235,370.648925717045,147.173253709963,401,32,FALSE,0,60.2930850466527
Indonesia,Female,Cardiomyopathy and myocarditis,40-44 years,7.79067968196369,30.8404351978513,24.7437299220552,141.382722994268,370.648925717045,147.173253709963,401,32,FALSE,0,60.2930850466527
Indonesia,Female,Cardiomyopathy and myocarditis,45-49 years,2.78335526319124,38.9152586388159,4.17922548555876,46.2948661137691,370.648925717045,147.173253709963,401,32,FALSE,0,60.2930850466527
Indonesia,Female,Cardiomyopathy and myocarditis,50-54 years,26.275242561698,103.04253658015,21.0642837069623,168.461314505352,370.648925717045,147.173253709963,401,32,FALSE,0,60.2930850466527
Indonesia,Female,Cardiomyopathy and myocarditis,55-59 years,34.9475333908229,224.593529346675,18.8165938731957,539.710410154197,370.648925717045,147.173253709963,401,32,FALSE,0,60.2930850466527
Indonesia,Female,Cardiomyopathy and myocarditis,60-64 years,26.5841936020703,275.696042943527,37.9050306018811,433.110054038966,370.648925717045,147.173253709963,401,32,FALSE,0,60.2930850466527
Indonesia,Female,Cardiomyopathy and myocarditis,65-69 years,47.3471563067531,305.422985467943,13.3298797497223,161.144534140888,370.648925717045,147.173253709963,401,32,FALSE,0,60.2930850466527
Indonesia,Female,Cardiomyopathy and myocarditis,70-74 years,71.3386078041806,710.736300450327,70.8424064221682,469.910230147191,370.648925717045,147.173253709963,401,32,FALSE,0,60.2930850466527
Indonesia,Female,Cardiomyopathy and myocarditis,75-79 years,177.11523314633,1422.15769987758,66.2658338705761,818.288039257264,370.648925717045,147.173253709963,401,32,FALSE,0,60.2930850466527
Indonesia,Female,Cardiomyopathy and myocarditis,80-84 years,274.88974738943,2298.50592998301,94.2856162391087,1247.63506588161,370.648925717045,147.173253709963,401,32,FALSE,0,60.2930850466527
Indonesia,Female,Cardiomyopathy and myocarditis,85-89 years,330.917080252379,2234.51712805818,141.678317030927,1073.5850896311,370.648925717045,147.173253709963,401,32,FALSE,0,60.2930850466527
Indonesia,Female,Cardiomyopathy and myocarditis,90-94 years,277.751419528671,1253.88996138546,242.882158607147,679.863849114395,370.648925717045,147.173253709963,401,32,FALSE,0,60.2930850466527
Indonesia,Female,Cardiomyopathy and myocarditis,95+ years,175.367958303089,557.909996844948,170.915548985692,595.946174473889,370.648925717045,147.173253709963,401,32,FALSE,0,60.2930850466527
Indonesia,Female,Hypertensive heart disease,20-24 years,6.72943397016926,148.83320603023,1.30210494244468,155.781367386241,240.030179470513,95.4323211138182,401,32,FALSE,0,60.241532408827
Indonesia,Female,Hypertensive heart disease,25-29 years,12.3054090017696,85.6458342431481,11.0187166818056,54.0878786468682,240.030179470513,95.4323211138182,401,32,FALSE,0,60.241532408827
Indonesia,Female,Hypertensive heart disease,30-34 years,8.71372279282618,242.320956918423,7.0041623543843,286.51308159945,240.030179470513,95.4323211138182,401,32,FALSE,0,60.241532408827
Indonesia,Female,Hypertensive heart disease,35-39 years,46.0179324363924,495.662398699248,22.4496080638796,904.397421733136,240.030179470513,95.4323211138182,401,32,FALSE,0,60.241532408827
Indonesia,Female,Hypertensive heart disease,40-44 years,33.3273606637127,752.014702844576,41.4144358627211,1582.54663331131,240.030179470513,95.4323211138182,401,32,FALSE,0,60.241532408827
Indonesia,Female,Hypertensive heart disease,45-49 years,46.5022070185097,386.637190738898,239.516082086275,1893.88507798981,240.030179470513,95.4323211138182,401,32,FALSE,0,60.241532408827
Indonesia,Female,Hypertensive heart disease,50-54 years,116.772058040629,432.664282478238,328.390556370499,2007.26133059748,240.030179470513,95.4323211138182,401,32,FALSE,0,60.241532408827
Indonesia,Female,Hypertensive heart disease,55-59 years,434.047615560849,3834.33590139887,409.899659261708,5653.65460185778,240.030179470513,95.4323211138182,401,32,FALSE,0,60.241532408827
Indonesia,Female,Hypertensive heart disease,60-64 years,456.416399601083,7053.79131569563,409.798872656241,6741.64713258855,240.030179470513,95.4323211138182,401,32,FALSE,0,60.241532408827
Indonesia,Female,Hypertensive heart disease,65-69 years,618.453797343827,5187.30611745435,295.696843614675,3950.99001816068,240.030179470513,95.4323211138182,401,32,FALSE,0,60.241532408827
Indonesia,Female,Hypertensive heart disease,70-74 years,815.858827254037,10967.8672956947,516.334954838121,10894.3867572601,240.030179470513,95.4323211138182,401,32,FALSE,0,60.241532408827
Indonesia,Female,Hypertensive heart disease,75-79 years,1732.12804686815,18439.3704745738,834.947644621709,15353.2422067715,240.030179470513,95.4323211138182,401,32,FALSE,0,60.241532408827
Indonesia,Female,Hypertensive heart disease,80-84 years,2051.76813889787,20948.7276834619,344.656562657997,14979.7560116595,240.030179470513,95.4323211138182,401,32,FALSE,0,60.241532408827
Indonesia,Female,Hypertensive heart disease,85-89 years,1777.83570163612,13832.2835276119,639.08794740515,9435.90097214845,240.030179470513,95.4323211138182,401,32,FALSE,0,60.241532408827
Indonesia,Female,Hypertensive heart disease,90-94 years,1000.39168366369,5062.92154817554,540.35425353625,5290.76024425531,240.030179470513,95.4323211138182,401,32,FALSE,0,60.241532408827
Indonesia,Female,Hypertensive heart disease,95+ years,548.33842710821,2040.17039252971,549.072852158436,1788.95249255391,240.030179470513,95.4323211138182,401,32,FALSE,0,60.241532408827
Indonesia,Female,Intracerebral hemorrhage,20-24 years,53.6512125284453,1825.86049300198,118.36648696512,2557.42668676018,306.165592016634,98.7165506948355,401,32,FALSE,0,67.7571375527162
Indonesia,Female,Intracerebral hemorrhage,25-29 years,132.188725736813,937.041874166593,102.053057434349,1477.21061631238,306.165592016634,98.7165506948355,401,32,FALSE,0,67.7571375527162
Indonesia,Female,Intracerebral hemorrhage,30-34 years,155.714128270061,1381.3003530582,264.544977208578,1174.63783893283,306.165592016634,98.7165506948355,401,32,FALSE,0,67.7571375527162
Indonesia,Female,Intracerebral hemorrhage,35-39 years,516.67735794487,2605.97650650485,189.875063530144,4128.16617017028,306.165592016634,98.7165506948355,401,32,FALSE,0,67.7571375527162
Indonesia,Female,Intracerebral hemorrhage,40-44 years,438.502979194195,3579.35472196036,1343.57939776163,4417.46784876054,306.165592016634,98.7165506948355,401,32,FALSE,0,67.7571375527162
Indonesia,Female,Intracerebral hemorrhage,45-49 years,878.049401769797,4716.94025705619,2159.2150681062,6233.49005043614,306.165592016634,98.7165506948355,401,32,FALSE,0,67.7571375527162
Indonesia,Female,Intracerebral hemorrhage,50-54 years,1259.2068394063,5008.21109988191,1778.89413357839,16932.9284391971,306.165592016634,98.7165506948355,401,32,FALSE,0,67.7571375527162
Indonesia,Female,Intracerebral hemorrhage,55-59 years,2965.58476580752,6925.87149542683,1263.00779868199,6053.42275897135,306.165592016634,98.7165506948355,401,32,FALSE,0,67.7571375527162
Indonesia,Female,Intracerebral hemorrhage,60-64 years,3348.52405440324,7750.98495981021,2118.85709665653,18508.9874280928,306.165592016634,98.7165506948355,401,32,FALSE,0,67.7571375527162
Indonesia,Female,Intracerebral hemorrhage,65-69 years,3630.45590303634,8605.91767982541,3919.17692144884,18428.7062449647,306.165592016634,98.7165506948355,401,32,FALSE,0,67.7571375527162
Indonesia,Female,Intracerebral hemorrhage,70-74 years,5672.06780622845,11296.4868074588,9510.2606872031,7079.86641414961,306.165592016634,98.7165506948355,401,32,FALSE,0,67.7571375527162
Indonesia,Female,Intracerebral hemorrhage,75-79 years,6376.77477390436,12378.8803265373,3995.23900103346,2022.83300377111,306.165592016634,98.7165506948355,401,32,FALSE,0,67.7571375527162
Indonesia,Female,Intracerebral hemorrhage,80-84 years,6086.0141822309,11532.509681036,1899.33039424081,3280.84851419686,306.165592016634,98.7165506948355,401,32,FALSE,0,67.7571375527162
Indonesia,Female,Intracerebral hemorrhage,85-89 years,4188.15705500508,7685.23315660143,1444.6392448629,2752.73311593753,306.165592016634,98.7165506948355,401,32,FALSE,0,67.7571375527162
Indonesia,Female,Intracerebral hemorrhage,90-94 years,2032.76792957279,3215.48907345524,497.26273915145,1567.60088313086,306.165592016634,98.7165506948355,401,32,FALSE,0,67.7571375527162
Indonesia,Female,Intracerebral hemorrhage,95+ years,710.020946320532,1137.77801562255,823.51264399956,1214.31494236706,306.165592016634,98.7165506948355,401,32,FALSE,0,67.7571375527162
Indonesia,Female,Ischemic heart disease,20-24 years,48.1535910836681,5952.45846541125,57.0395939204072,8737.021088561,233.241304360712,133.98639145752,401,32,FALSE,0,42.5546037719341
Indonesia,Female,Ischemic heart disease,25-29 years,97.5146729363329,2298.45809458721,137.877601234428,10072.0616309612,233.241304360712,133.98639145752,401,32,FALSE,0,42.5546037719341
Indonesia,Female,Ischemic heart disease,30-34 years,112.339972989606,1269.43274998906,138.989327143576,3197.92768075708,233.241304360712,133.98639145752,401,32,FALSE,0,42.5546037719341
Indonesia,Female,Ischemic heart disease,35-39 years,285.621559738504,3949.04732799068,157.735374096246,7929.6085189483,233.241304360712,133.98639145752,401,32,FALSE,0,42.5546037719341
Indonesia,Female,Ischemic heart disease,40-44 years,279.722961397303,10121.4052574765,582.151307869686,14055.1453202415,233.241304360712,133.98639145752,401,32,FALSE,0,42.5546037719341
Indonesia,Female,Ischemic heart disease,45-49 years,291.626993956833,16555.4028380775,1973.31316644475,10648.6226697925,233.241304360712,133.98639145752,401,32,FALSE,0,42.5546037719341
Indonesia,Female,Ischemic heart disease,50-54 years,493.375920043281,23742.4291298249,1228.34365171851,9599.6029996579,233.241304360712,133.98639145752,401,32,FALSE,0,42.5546037719341
Indonesia,Female,Ischemic heart disease,55-59 years,1225.63730924408,31254.4059495839,1746.22835680257,24705.1531953859,233.241304360712,133.98639145752,401,32,FALSE,0,42.5546037719341
Indonesia,Female,Ischemic heart disease,60-64 years,1105.42613737632,34166.5357769218,2925.19446648642,29609.2019475177,233.241304360712,133.98639145752,401,32,FALSE,0,42.5546037719341
Indonesia,Female,Ischemic heart disease,65-69 years,2330.20770306019,43493.7869187151,1752.72201844878,24647.9169760151,233.241304360712,133.98639145752,401,32,FALSE,0,42.5546037719341
Indonesia,Female,Ischemic heart disease,70-74 years,3665.29892630668,73392.1474650264,4036.83387650709,43857.8993390625,233.241304360712,133.98639145752,401,32,FALSE,0,42.5546037719341
Indonesia,Female,Ischemic heart disease,75-79 years,6481.59686996397,90072.0503953469,4627.31229538299,63708.6890386997,233.241304360712,133.98639145752,401,32,FALSE,0,42.5546037719341
Indonesia,Female,Ischemic heart disease,80-84 years,6854.13694356473,82469.2635707554,2916.52595511067,75039.2084377531,233.241304360712,133.98639145752,401,32,FALSE,0,42.5546037719341
Indonesia,Female,Ischemic heart disease,85-89 years,5961.11390093161,49852.9747243761,3517.81851707995,50120.6749043158,233.241304360712,133.98639145752,401,32,FALSE,0,42.5546037719341
Indonesia,Female,Ischemic heart disease,90-94 years,3285.33530955659,17850.1677497682,1576.33759825199,21704.1190222196,233.241304360712,133.98639145752,401,32,FALSE,0,42.5546037719341
Indonesia,Female,Ischemic heart disease,95+ years,1639.99261184629,7119.81444903803,1809.06965513386,6776.56209870464,233.241304360712,133.98639145752,401,32,FALSE,0,42.5546037719341
Indonesia,Female,Ischemic stroke,20-24 years,7.1683695473641,1806.11278857164,2.1685960752614,922.960951389238,303.536644984001,169.782669938204,401,32,FALSE,0,44.0651819989798
Indonesia,Female,Ischemic stroke,25-29 years,17.9430404782389,768.096877165998,20.3106224869597,514.517855814515,303.536644984001,169.782669938204,401,32,FALSE,0,44.0651819989798
Indonesia,Female,Ischemic stroke,30-34 years,9.4702358635591,913.28144548027,62.2997308546667,2911.4277080766,303.536644984001,169.782669938204,401,32,FALSE,0,44.0651819989798
Indonesia,Female,Ischemic stroke,35-39 years,67.1188057131103,1910.68645849561,19.0151391922136,2256.01074770493,303.536644984001,169.782669938204,401,32,FALSE,0,44.0651819989798
Indonesia,Female,Ischemic stroke,40-44 years,39.3929274560947,3947.87694605333,184.672648686919,2100.50387649589,303.536644984001,169.782669938204,401,32,FALSE,0,44.0651819989798
Indonesia,Female,Ischemic stroke,45-49 years,128.358894071786,6804.62943825469,254.227866150522,3756.1081636483,303.536644984001,169.782669938204,401,32,FALSE,0,44.0651819989798
Indonesia,Female,Ischemic stroke,50-54 years,187.989892833753,10653.155097831,202.943769929503,7655.09595393028,303.536644984001,169.782669938204,401,32,FALSE,0,44.0651819989798
Indonesia,Female,Ischemic stroke,55-59 years,792.782990163228,15248.3554880409,197.888291126989,18525.4929631238,303.536644984001,169.782669938204,401,32,FALSE,0,44.0651819989798
Indonesia,Female,Ischemic stroke,60-64 years,597.641562541106,18349.3700354791,737.555282477408,27794.9123307543,303.536644984001,169.782669938204,401,32,FALSE,0,44.0651819989798
Indonesia,Female,Ischemic stroke,65-69 years,2516.80526989162,25551.1961499897,1951.75029046835,29042.9618576187,303.536644984001,169.782669938204,401,32,FALSE,0,44.0651819989798
Indonesia,Female,Ischemic stroke,70-74 years,3067.91464870854,44950.7217113414,4554.68489996299,35836.5175295073,303.536644984001,169.782669938204,401,32,FALSE,0,44.0651819989798
Indonesia,Female,Ischemic stroke,75-79 years,7687.25082862288,54302.1251151433,7002.25569715682,26865.5608403606,303.536644984001,169.782669938204,401,32,FALSE,0,44.0651819989798
Indonesia,Female,Ischemic stroke,80-84 years,8595.69984477373,49771.5092019332,5013.92831065171,26639.1271941417,303.536644984001,169.782669938204,401,32,FALSE,0,44.0651819989798
Indonesia,Female,Ischemic stroke,85-89 years,7935.41086001211,30173.8900352184,5391.59165567597,16776.3577319429,303.536644984001,169.782669938204,401,32,FALSE,0,44.0651819989798
Indonesia,Female,Ischemic stroke,90-94 years,4158.89411800033,9582.45653558055,2441.24555165374,10901.3020397058,303.536644984001,169.782669938204,401,32,FALSE,0,44.0651819989798
Indonesia,Female,Ischemic stroke,95+ years,1550.01743825535,2670.32900477244,1546.46600236753,2164.71600483251,303.536644984001,169.782669938204,401,32,FALSE,0,44.0651819989798
Indonesia,Female,Rheumatic heart disease,20-24 years,27.3928762586823,6351.30229897981,14.3953224159558,5760.47320048166,512.003200438671,266.319546550166,401,32,FALSE,0,47.9847887040569
Indonesia,Female,Rheumatic heart disease,25-29 years,20.6655618361518,4031.10199765167,37.0757459553823,5326.58234030854,512.003200438671,266.319546550166,401,32,FALSE,0,47.9847887040569
Indonesia,Female,Rheumatic heart disease,30-34 years,16.3381887829805,7803.87569405158,35.7184691882911,9199.26475410207,512.003200438671,266.319546550166,401,32,FALSE,0,47.9847887040569
Indonesia,Female,Rheumatic heart disease,35-39 years,52.3725738119333,2638.1559474679,84.4403542559813,3096.19954263013,512.003200438671,266.319546550166,401,32,FALSE,0,47.9847887040569
Indonesia,Female,Rheumatic heart disease,40-44 years,48.1761281582023,6039.7789332084,171.353211908877,6653.20326125045,512.003200438671,266.319546550166,401,32,FALSE,0,47.9847887040569
Indonesia,Female,Rheumatic heart disease,45-49 years,115.581135593954,10768.3272018141,114.594992991127,10491.8007040407,512.003200438671,266.319546550166,401,32,FALSE,0,47.9847887040569
Indonesia,Female,Rheumatic heart disease,50-54 years,118.188549632516,11533.2508267108,134.721353182855,11471.5003446127,512.003200438671,266.319546550166,401,32,FALSE,0,47.9847887040569
Indonesia,Female,Rheumatic heart disease,55-59 years,111.312256979831,10101.0785380756,23.7989102540483,10382.0885974044,512.003200438671,266.319546550166,401,32,FALSE,0,47.9847887040569
Indonesia,Female,Rheumatic heart disease,60-64 years,95.8327631518318,7266.05746989564,116.468096796234,7618.55947863531,512.003200438671,266.319546550166,401,32,FALSE,0,47.9847887040569
Indonesia,Female,Rheumatic heart disease,65-69 years,75.1039893499343,5126.45238733612,25.2523072451201,5505.37027015859,512.003200438671,266.319546550166,401,32,FALSE,0,47.9847887040569
Indonesia,Female,Rheumatic heart disease,70-74 years,74.5506438054867,4743.43590940922,14.1015691356008,5158.16483953702,512.003200438671,266.319546550166,401,32,FALSE,0,47.9847887040569
Indonesia,Female,Rheumatic heart disease,75-79 years,64.5031147470602,3838.31750301819,26.6715301674202,4054.6690625301,512.003200438671,266.319546550166,401,32,FALSE,0,47.9847887040569
Indonesia,Female,Rheumatic heart disease,80-84 years,52.3461980458171,2473.51440871084,24.7489553071806,2677.84325507045,512.003200438671,266.319546550166,401,32,FALSE,0,47.9847887040569
Indonesia,Female,Rheumatic heart disease,85-89 years,37.006528164048,1079.70990728227,15.9072602921091,1193.66493865248,512.003200438671,266.319546550166,401,32,FALSE,0,47.9847887040569
Indonesia,Female,Rheumatic heart disease,90-94 years,18.3617765888209,281.221172029252,15.8232693321982,349.010345310125,512.003200438671,266.319546550166,401,32,FALSE,0,47.9847887040569
Indonesia,Female,Rheumatic heart disease,95+ years,7.51886209603315,70.1926635919972,7.44920779561149,65.7078137034898,512.003200438671,266.319546550166,401,32,FALSE,0,47.9847887040569
Indonesia,Male,Cardiomyopathy and myocarditis,20-24 years,20.1404388131086,83.5396717676361,19.5969065005451,81.1886969283125,286.788390085317,108.358627131707,401,32,FALSE,0,62.2165223984585
Indonesia,Male,Cardiomyopathy and myocarditis,25-29 years,29.2336154307874,248.028421551068,38.9654165652504,427.162325396424,286.788390085317,108.358627131707,401,32,FALSE,0,62.2165223984585
Indonesia,Male,Cardiomyopathy and myocarditis,30-34 years,30.4061838499606,289.422138944056,83.7965564450136,405.268103044854,286.788390085317,108.358627131707,401,32,FALSE,0,62.2165223984585
Indonesia,Male,Cardiomyopathy and myocarditis,35-39 years,15.9849735029061,130.204722212115,22.7839690821459,277.203667369399,286.788390085317,108.358627131707,401,32,FALSE,0,62.2165223984585
Indonesia,Male,Cardiomyopathy and myocarditis,40-44 years,48.5191982906691,47.5892234734396,90.4751609767773,165.554910123444,286.788390085317,108.358627131707,401,32,FALSE,0,62.2165223984585
Indonesia,Male,Cardiomyopathy and myocarditis,45-49 years,15.8757107075092,48.3832627927829,88.551292183537,296.078268204918,286.788390085317,108.358627131707,401,32,FALSE,0,62.2165223984585
Indonesia,Male,Cardiomyopathy and myocarditis,50-54 years,58.4731818287899,132.256395167621,89.5224265735098,301.818693189706,286.788390085317,108.358627131707,401,32,FALSE,0,62.2165223984585
Indonesia,Male,Cardiomyopathy and myocarditis,55-59 years,95.2655437178327,331.922009881465,42.4914564418589,175.29097521084,286.788390085317,108.358627131707,401,32,FALSE,0,62.2165223984585
Indonesia,Male,Cardiomyopathy and myocarditis,60-64 years,53.3488029849957,362.974130260509,35.5947239317449,290.220842463868,286.788390085317,108.358627131707,401,32,FALSE,0,62.2165223984585
Indonesia,Male,Cardiomyopathy and myocarditis,65-69 years,89.2278870276914,288.73688770759,19.3294476598672,207.645923819901,286.788390085317,108.358627131707,401,32,FALSE,0,62.2165223984585
Indonesia,Male,Cardiomyopathy and myocarditis,70-74 years,110.468227998023,743.21545065103,39.5413690026838,826.476855094409,286.788390085317,108.358627131707,401,32,FALSE,0,62.2165223984585
Indonesia,Male,Cardiomyopathy and myocarditis,75-79 years,211.532063932813,1251.51563499472,133.501420168751,1167.49023342137,286.788390085317,108.358627131707,401,32,FALSE,0,62.2165223984585
Indonesia,Male,Cardiomyopathy and myocarditis,80-84 years,249.782737204253,1595.43585733005,169.900321802863,548.197087018068,286.788390085317,108.358627131707,401,32,FALSE,0,62.2165223984585
Indonesia,Male,Cardiomyopathy and myocarditis,85-89 years,244.305304185946,1131.20024682206,66.5184774925724,339.381507335235,286.788390085317,108.358627131707,401,32,FALSE,0,62.2165223984585
Indonesia,Male,Cardiomyopathy and myocarditis,90-94 years,158.476867927468,445.96771451681,60.526355718119,558.585596779136,286.788390085317,108.358627131707,401,32,FALSE,0,62.2165223984585
Indonesia,Male,Cardiomyopathy and myocarditis,95+ years,65.6306905326921,130.635674459949,67.0343086766481,98.6336868486441,286.788390085317,108.358627131707,401,32,FALSE,0,62.2165223984585
Indonesia,Male,Hypertensive heart disease,20-24 years,14.2014204854513,162.001774017,5.52580096309664,143.435753070757,195.779943173631,105.744141144629,401,32,FALSE,0,45.9882665044763
Indonesia,Male,Hypertensive heart disease,25-29 years,24.751877140783,120.386384743616,6.8686694490885,60.3444359593458,195.779943173631,105.744141144629,401,32,FALSE,0,45.9882665044763
Indonesia,Male,Hypertensive heart disease,30-34 years,31.2620002381483,316.035467209189,74.9291971271353,89.8817463265214,195.779943173631,105.744141144629,401,32,FALSE,0,45.9882665044763
Indonesia,Male,Hypertensive heart disease,35-39 years,87.550552738362,605.301239757335,46.2628380860888,532.10738938839,195.779943173631,105.744141144629,401,32,FALSE,0,45.9882665044763
Indonesia,Male,Hypertensive heart disease,40-44 years,226.425678914726,934.177655454618,177.872546535801,570.350355661031,195.779943173631,105.744141144629,401,32,FALSE,0,45.9882665044763
Indonesia,Male,Hypertensive heart disease,45-49 years,200.887064566758,566.553086905763,251.820399309817,2116.5246865399,195.779943173631,105.744141144629,401,32,FALSE,0,45.9882665044763
Indonesia,Male,Hypertensive heart disease,50-54 years,275.518305619445,360.074780501105,428.905378375289,2414.67003304527,195.779943173631,105.744141144629,401,32,FALSE,0,45.9882665044763
Indonesia,Male,Hypertensive heart disease,55-59 years,860.086680740083,3656.17579976232,1165.20997240048,4054.91886668254,195.779943173631,105.744141144629,401,32,FALSE,0,45.9882665044763
Indonesia,Male,Hypertensive heart disease,60-64 years,612.024128383012,5746.58641082301,2794.42965941042,7837.73369186133,195.779943173631,105.744141144629,401,32,FALSE,0,45.9882665044763
Indonesia,Male,Hypertensive heart disease,65-69 years,911.149170833791,2675.39280262213,1102.58028412844,6480.91205149502,195.779943173631,105.744141144629,401,32,FALSE,0,45.9882665044763
Indonesia,Male,Hypertensive heart disease,70-74 years,1075.73732167078,7183.20017956049,415.794513505749,10254.0303613951,195.779943173631,105.744141144629,401,32,FALSE,0,45.9882665044763
Indonesia,Male,Hypertensive heart disease,75-79 years,1748.06428613375,11567.6736839696,687.702969208179,8268.44020301293,195.779943173631,105.744141144629,401,32,FALSE,0,45.9882665044763
Indonesia,Male,Hypertensive heart disease,80-84 years,1577.25059918067,11195.8711524588,467.185223600144,5739.18955557795,195.779943173631,105.744141144629,401,32,FALSE,0,45.9882665044763
Indonesia,Male,Hypertensive heart disease,85-89 years,1066.59488570433,6130.4761500907,527.899261173813,4478.45256178741,195.779943173631,105.744141144629,401,32,FALSE,0,45.9882665044763
Indonesia,Male,Hypertensive heart disease,90-94 years,473.360635566321,1974.74956777404,309.629612822549,1819.78477744172,195.779943173631,105.744141144629,401,32,FALSE,0,45.9882665044763
Indonesia,Male,Hypertensive heart disease,95+ years,175.63887790382,580.932324716012,192.204883566104,609.287167255047,195.779943173631,105.744141144629,401,32,FALSE,0,45.9882665044763
Indonesia,Male,Intracerebral hemorrhage,20-24 years,119.770910239127,2212.62936989485,121.5349310952,1191.34549220299,265.27240507689,128.933877664455,401,32,FALSE,0,51.3956690568389
Indonesia,Male,Intracerebral hemorrhage,25-29 years,216.820236067094,1882.90270705531,263.502227695331,991.982053860431,265.27240507689,128.933877664455,401,32,FALSE,0,51.3956690568389
Indonesia,Male,Intracerebral hemorrhage,30-34 years,266.685142219786,2373.41336486155,668.429834273672,3794.12887008364,265.27240507689,128.933877664455,401,32,FALSE,0,51.3956690568389
Indonesia,Male,Intracerebral hemorrhage,35-39 years,532.462641916814,3033.86962633535,1806.62603989156,2561.00677865343,265.27240507689,128.933877664455,401,32,FALSE,0,51.3956690568389
Indonesia,Male,Intracerebral hemorrhage,40-44 years,1397.38106811385,3319.17134974549,915.359666237076,5916.10095703697,265.27240507689,128.933877664455,401,32,FALSE,0,51.3956690568389
Indonesia,Male,Intracerebral hemorrhage,45-49 years,1490.36725144774,4405.67717524162,5913.68434948415,8664.89586657939,265.27240507689,128.933877664455,401,32,FALSE,0,51.3956690568389
Indonesia,Male,Intracerebral hemorrhage,50-54 years,1790.40726915657,4111.23680798975,6150.18616274779,2774.47021556234,265.27240507689,128.933877664455,401,32,FALSE,0,51.3956690568389
Indonesia,Male,Intracerebral hemorrhage,55-59 years,3017.86454946301,3576.27320467884,3087.51621511007,9084.01176042398,265.27240507689,128.933877664455,401,32,FALSE,0,51.3956690568389
Indonesia,Male,Intracerebral hemorrhage,60-64 years,2356.25214029566,3225.13412225557,4952.31311356384,8794.27840876735,265.27240507689,128.933877664455,401,32,FALSE,0,51.3956690568389
Indonesia,Male,Intracerebral hemorrhage,65-69 years,3563.14321946358,4146.33158120521,1575.28490278583,8007.46201603898,265.27240507689,128.933877664455,401,32,FALSE,0,51.3956690568389
Indonesia,Male,Intracerebral hemorrhage,70-74 years,5237.99793802333,6626.02060363764,12277.8489607309,10191.8331791425,265.27240507689,128.933877664455,401,32,FALSE,0,51.3956690568389
Indonesia,Male,Intracerebral hemorrhage,75-79 years,5992.18905555151,6755.91975772927,4642.56571068729,1903.59452911325,265.27240507689,128.933877664455,401,32,FALSE,0,51.3956690568389
Indonesia,Male,Intracerebral hemorrhage,80-84 years,4770.80270315293,4945.77000248543,1649.1784298755,1216.3814080682,265.27240507689,128.933877664455,401,32,FALSE,0,51.3956690568389
Indonesia,Male,Intracerebral hemorrhage,85-89 years,2684.8804882374,2773.55046235655,1013.5103007406,1003.60123786236,265.27240507689,128.933877664455,401,32,FALSE,0,51.3956690568389
Indonesia,Male,Intracerebral hemorrhage,90-94 years,1164.17378137659,1328.3327350775,492.100810074185,569.739694758118,265.27240507689,128.933877664455,401,32,FALSE,0,51.3956690568389
Indonesia,Male,Intracerebral hemorrhage,95+ years,341.329951535348,221.542415930602,388.912292145834,271.033394586786,265.27240507689,128.933877664455,401,32,FALSE,0,51.3956690568389
Indonesia,Male,Ischemic heart disease,20-24 years,181.244455497828,8005.20414660277,78.9663565130894,11613.7964538306,226.981293250116,138.650077411425,401,32,FALSE,0,38.9156368676412
Indonesia,Male,Ischemic heart disease,25-29 years,194.582132384627,4936.91780076008,193.797716826052,14818.7685664183,226.981293250116,138.650077411425,401,32,FALSE,0,38.9156368676412
Indonesia,Male,Ischemic heart disease,30-34 years,107.013115285613,4224.86594674015,951.951329170805,16739.0127808001,226.981293250116,138.650077411425,401,32,FALSE,0,38.9156368676412
Indonesia,Male,Ischemic heart disease,35-39 years,319.573583888572,6905.7935899996,818.899730128974,11326.1171668008,226.981293250116,138.650077411425,401,32,FALSE,0,38.9156368676412
Indonesia,Male,Ischemic heart disease,40-44 years,960.97395996462,14241.5572963942,1638.78542220184,15591.1347206781,226.981293250116,138.650077411425,401,32,FALSE,0,38.9156368676412
Indonesia,Male,Ischemic heart disease,45-49 years,525.524895740663,24745.3516229028,3128.98536353486,14290.9163073081,226.981293250116,138.650077411425,401,32,FALSE,0,38.9156368676412
Indonesia,Male,Ischemic heart disease,50-54 years,972.294725384235,33944.5657771241,2853.33280729061,21774.4737745538,226.981293250116,138.650077411425,401,32,FALSE,0,38.9156368676412
Indonesia,Male,Ischemic heart disease,55-59 years,2141.23391694266,37137.5314918008,2001.72565429433,21155.4586353906,226.981293250116,138.650077411425,401,32,FALSE,0,38.9156368676412
Indonesia,Male,Ischemic heart disease,60-64 years,1430.11499658407,32504.3366121881,2257.65556504252,44325.2771926274,226.981293250116,138.650077411425,401,32,FALSE,0,38.9156368676412
Indonesia,Male,Ischemic heart disease,65-69 years,4389.62292053795,41883.939568565,6780.06984739269,66540.1735272771,226.981293250116,138.650077411425,401,32,FALSE,0,38.9156368676412
Indonesia,Male,Ischemic heart disease,70-74 years,6210.44074009479,68346.0724285562,5331.7717227492,66364.8063164702,226.981293250116,138.650077411425,401,32,FALSE,0,38.9156368676412
Indonesia,Male,Ischemic heart disease,75-79 years,8308.85220573349,77318.6630660417,5811.75788804854,51985.1328655794,226.981293250116,138.650077411425,401,32,FALSE,0,38.9156368676412
Indonesia,Male,Ischemic heart disease,80-84 years,7819.26830015703,63594.9617095118,4414.99304354588,43569.7410933274,226.981293250116,138.650077411425,401,32,FALSE,0,38.9156368676412
Indonesia,Male,Ischemic heart disease,85-89 years,5845.4811144647,33546.7318636099,4182.3621037188,27459.5038201756,226.981293250116,138.650077411425,401,32,FALSE,0,38.9156368676412
Indonesia,Male,Ischemic heart disease,90-94 years,2989.79508074341,10301.169367923,1796.10864222471,7478.16506993198,226.981293250116,138.650077411425,401,32,FALSE,0,38.9156368676412
Indonesia,Male,Ischemic heart disease,95+ years,1164.36681645185,2823.55381822006,1293.55269297793,3092.60485445814,226.981293250116,138.650077411425,401,32,FALSE,0,38.9156368676412
Indonesia,Male,Ischemic stroke,20-24 years,17.1535906514807,3215.69270216191,27.5979427680187,3147.86042511262,226.992779199171,136.354557959854,401,32,FALSE,0,39.9300019846833
Indonesia,Male,Ischemic stroke,25-29 years,20.0975364360533,2267.00780177978,14.6981627017974,1077.11234089014,226.992779199171,136.354557959854,401,32,FALSE,0,39.9300019846833
Indonesia,Male,Ischemic stroke,30-34 years,22.1442694058608,2214.34705442966,73.0782776979409,2305.54624060272,226.992779199171,136.354557959854,401,32,FALSE,0,39.9300019846833
Indonesia,Male,Ischemic stroke,35-39 years,56.4444933713255,3534.78335518066,25.219497961129,8262.43770139215,226.992779199171,136.354557959854,401,32,FALSE,0,39.9300019846833
Indonesia,Male,Ischemic stroke,40-44 years,212.650931489868,6615.41937641819,118.561447013123,14226.6468038358,226.992779199171,136.354557959854,401,32,FALSE,0,39.9300019846833
Indonesia,Male,Ischemic stroke,45-49 years,220.814745727328,10581.2624111438,570.155509446329,11252.3020578434,226.992779199171,136.354557959854,401,32,FALSE,0,39.9300019846833
Indonesia,Male,Ischemic stroke,50-54 years,253.881841725151,14070.1954117238,941.402574532284,5492.3271848912,226.992779199171,136.354557959854,401,32,FALSE,0,39.9300019846833
Indonesia,Male,Ischemic stroke,55-59 years,1265.52804408835,14278.9106670334,814.764064959697,13050.4567087146,226.992779199171,136.354557959854,401,32,FALSE,0,39.9300019846833
Indonesia,Male,Ischemic stroke,60-64 years,321.809323849082,12444.4394802935,2441.64521479906,18169.5613890728,226.992779199171,136.354557959854,401,32,FALSE,0,39.9300019846833
Indonesia,Male,Ischemic stroke,65-69 years,2582.01054245043,20496.7345229475,631.377541983829,17428.4232827405,226.992779199171,136.354557959854,401,32,FALSE,0,39.9300019846833
Indonesia,Male,Ischemic stroke,70-74 years,2871.50123240258,44169.1803220454,1119.21057454291,32582.5898527464,226.992779199171,136.354557959854,401,32,FALSE,0,39.9300019846833
Indonesia,Male,Ischemic stroke,75-79 years,6698.62362470157,55501.7648348634,3682.40287174189,47363.2354859536,226.992779199171,136.354557959854,401,32,FALSE,0,39.9300019846833
Indonesia,Male,Ischemic stroke,80-84 years,6139.22877156016,48023.8886870875,2771.70686399852,59290.7936032025,226.992779199171,136.354557959854,401,32,FALSE,0,39.9300019846833
Indonesia,Male,Ischemic stroke,85-89 years,4951.03726663843,26912.9233614557,3539.51964666556,28209.580294893,226.992779199171,136.354557959854,401,32,FALSE,0,39.9300019846833
Indonesia,Male,Ischemic stroke,90-94 years,2415.35211398843,7815.89682186043,1089.6665544533,8204.67865504317,226.992779199171,136.354557959854,401,32,FALSE,0,39.9300019846833
Indonesia,Male,Ischemic stroke,95+ years,730.442846496507,1718.95949230978,788.162682422086,1487.16502209453,226.992779199171,136.354557959854,401,32,FALSE,0,39.9300019846833
Indonesia,Male,Rheumatic heart disease,20-24 years,31.2958207413733,6163.07526613445,14.6738384444501,4630.45993157018,427.587337048923,186.638175011027,401,32,FALSE,0,56.350864761537
Indonesia,Male,Rheumatic heart disease,25-29 years,24.7143882342059,1819.93910301196,61.7381215322232,4905.81582019202,427.587337048923,186.638175011027,401,32,FALSE,0,56.350864761537
Indonesia,Male,Rheumatic heart disease,30-34 years,19.0708500230981,5092.82157077411,37.3641377928515,6305.30669703177,427.587337048923,186.638175011027,401,32,FALSE,0,56.350864761537
Indonesia,Male,Rheumatic heart disease,35-39 years,26.750554048064,1665.43016286072,26.0215084824117,1341.60471951924,427.587337048923,186.638175011027,401,32,FALSE,0,56.350864761537
Indonesia,Male,Rheumatic heart disease,40-44 years,37.984744139152,4143.95386886822,4.73810620198874,4248.56501016982,427.587337048923,186.638175011027,401,32,FALSE,0,56.350864761537
Indonesia,Male,Rheumatic heart disease,45-49 years,46.1950610739806,7804.74300595851,17.4313047555237,7674.88623002193,427.587337048923,186.638175011027,401,32,FALSE,0,56.350864761537
Indonesia,Male,Rheumatic heart disease,50-54 years,59.8309100001601,8058.68476953611,16.6426009158655,7927.07762755561,427.587337048923,186.638175011027,401,32,FALSE,0,56.350864761537
Indonesia,Male,Rheumatic heart disease,55-59 years,58.0166246874672,6378.56260390483,15.6385512506231,6263.00996413563,427.587337048923,186.638175011027,401,32,FALSE,0,56.350864761537
Indonesia,Male,Rheumatic heart disease,60-64 years,49.2982356862598,4158.17040180982,7.70486828505314,4057.40568971848,427.587337048923,186.638175011027,401,32,FALSE,0,56.350864761537
Indonesia,Male,Rheumatic heart disease,65-69 years,39.9264167247312,2618.60402236924,13.5492969562581,2611.74451526326,427.587337048923,186.638175011027,401,32,FALSE,0,56.350864761537
Indonesia,Male,Rheumatic heart disease,70-74 years,43.456453594861,2368.88515041947,19.4606697747372,2396.48906661309,427.587337048923,186.638175011027,401,32,FALSE,0,56.350864761537
Indonesia,Male,Rheumatic heart disease,75-79 years,41.0526429305321,1856.77387917925,24.4428211367507,1830.54752367508,427.587337048923,186.638175011027,401,32,FALSE,0,56.350864761537
Indonesia,Male,Rheumatic heart disease,80-84 years,31.9543902778988,1123.28090599139,11.0456654701261,1126.59336123886,427.587337048923,186.638175011027,401,32,FALSE,0,56.350864761537
Indonesia,Male,Rheumatic heart disease,85-89 years,20.6684608216172,442.235782711848,11.0559495030227,485.640248796488,427.587337048923,186.638175011027,401,32,FALSE,0,56.350864761537
Indonesia,Male,Rheumatic heart disease,90-94 years,11.9006503026913,103.581936893078,7.35005712559393,108.569865520342,427.587337048923,186.638175011027,401,32,FALSE,0,56.350864761537
Indonesia,Male,Rheumatic heart disease,95+ years,5.33789441221937,22.8605661880553,5.70240277240184,23.5283695394254,427.587337048923,186.638175011027,401,32,FALSE,0,56.350864761537
