location,sex,cause,age,RMSE_deaths_base,RMSE_prev_base,RMSE_deaths_cal,RMSE_prev_cal,base_err,cal_err,n_eval,n_par,hit_bound,bg_modified_rows,nm_converged,pct_improvement
Indonesia,Female,Cardiomyopathy and myocarditis,10-14 years,9.16149640502,268.295838898652,17.3882555427521,290.456321196024,857.100035240505,247.292262333589,2506,44,FALSE,0,FALSE,71.1477946370406
Indonesia,Female,Cardiomyopathy and myocarditis,12-23 months,43.2220647617716,140.351988784377,18.8861786342526,105.780158958889,857.100035240505,247.292262333589,2506,44,FALSE,0,FALSE,71.1477946370406
Indonesia,Female,Cardiomyopathy and myocarditis,15-19 years,2.20959289819849,116.497236497879,9.72445777711941,299.318317229026,857.100035240505,247.292262333589,2506,44,FALSE,0,FALSE,71.1477946370406
Indonesia,Female,Cardiomyopathy and myocarditis,2-4 years,2.67115006438868,430.001179181504,1.84026159300682,355.845198050179,857.100035240505,247.292262333589,2506,44,FALSE,0,FALSE,71.1477946370406
Indonesia,Female,Cardiomyopathy and myocarditis,20-24 years,4.35633029659217,140.718813444807,10.9627082708485,316.492240417087,857.100035240505,247.292262333589,2506,44,FALSE,0,FALSE,71.1477946370406
Indonesia,Female,Cardiomyopathy and myocarditis,25-29 years,9.47295675859406,52.4311855748272,29.8895712959718,62.454107774757,857.100035240505,247.292262333589,2506,44,FALSE,0,FALSE,71.1477946370406
Indonesia,Female,Cardiomyopathy and myocarditis,30-34 years,4.95648777352678,97.3335305675505,11.7972951784436,19.7780510399319,857.100035240505,247.292262333589,2506,44,FALSE,0,FALSE,71.1477946370406
Indonesia,Female,Cardiomyopathy and myocarditis,35-39 years,8.78103166391389,31.166717016688,16.7643496905857,57.7807846835408,857.100035240505,247.292262333589,2506,44,FALSE,0,FALSE,71.1477946370406
Indonesia,Female,Cardiomyopathy and myocarditis,40-44 years,9.60974402453121,39.6635206409197,8.54221016166319,29.2648122024867,857.100035240505,247.292262333589,2506,44,FALSE,0,FALSE,71.1477946370406
Indonesia,Female,Cardiomyopathy and myocarditis,45-49 years,1.43839015012172,24.5546979562282,7.11948055317277,50.2920657326522,857.100035240505,247.292262333589,2506,44,FALSE,0,FALSE,71.1477946370406
Indonesia,Female,Cardiomyopathy and myocarditis,5-9 years,5.90824600398997,197.024695437423,5.97101446729343,187.093354673308,857.100035240505,247.292262333589,2506,44,FALSE,0,FALSE,71.1477946370406
Indonesia,Female,Cardiomyopathy and myocarditis,50-54 years,21.7343471181646,70.5952158948011,25.9870819128394,174.881847191232,857.100035240505,247.292262333589,2506,44,FALSE,0,FALSE,71.1477946370406
Indonesia,Female,Cardiomyopathy and myocarditis,55-59 years,28.4921578244664,189.476580256787,12.5799773114263,348.161845066383,857.100035240505,247.292262333589,2506,44,FALSE,0,FALSE,71.1477946370406
Indonesia,Female,Cardiomyopathy and myocarditis,60-64 years,19.4575853515782,231.494617353266,67.1838048980317,256.728118536987,857.100035240505,247.292262333589,2506,44,FALSE,0,FALSE,71.1477946370406
Indonesia,Female,Cardiomyopathy and myocarditis,65-69 years,41.5543826547853,263.123367061311,16.6340858671793,149.602168162506,857.100035240505,247.292262333589,2506,44,FALSE,0,FALSE,71.1477946370406
Indonesia,Female,Cardiomyopathy and myocarditis,70-74 years,64.7654716497193,653.211417742536,47.0920140029912,231.647317333829,857.100035240505,247.292262333589,2506,44,FALSE,0,FALSE,71.1477946370406
Indonesia,Female,Cardiomyopathy and myocarditis,75-79 years,161.055451537718,1282.34739448056,158.833368304752,615.607917894608,857.100035240505,247.292262333589,2506,44,FALSE,0,FALSE,71.1477946370406
Indonesia,Female,Cardiomyopathy and myocarditis,80-84 years,238.22716912578,1999.87433074915,133.503638184148,1312.08593234321,857.100035240505,247.292262333589,2506,44,FALSE,0,FALSE,71.1477946370406
Indonesia,Female,Cardiomyopathy and myocarditis,85-89 years,271.699407886972,1805.58773612197,77.9568499340249,1412.96588451508,857.100035240505,247.292262333589,2506,44,FALSE,0,FALSE,71.1477946370406
Indonesia,Female,Cardiomyopathy and myocarditis,90-94 years,202.256209091869,887.712753451698,82.4156415178823,695.931362059531,857.100035240505,247.292262333589,2506,44,FALSE,0,FALSE,71.1477946370406
Indonesia,Female,Cardiomyopathy and myocarditis,95+ years,127.965950866612,401.972414019297,143.619488508803,469.52438639953,857.100035240505,247.292262333589,2506,44,FALSE,0,FALSE,71.1477946370406
Indonesia,Female,Cardiomyopathy and myocarditis,<1 year,3.23358936086679,11.7288798493299,3.23358936086679,11.7288798493299,857.100035240505,247.292262333589,2506,44,FALSE,0,FALSE,71.1477946370406
Indonesia,Female,Diabetes mellitus type 2,10-14 years,1.83448671315942,2417.50214546081,1.83448671315942,2417.50214546081,171.322263952477,101.318015521659,2506,34,FALSE,0,FALSE,40.8611506851417
Indonesia,Female,Diabetes mellitus type 2,12-23 months,0,0,0,0,171.322263952477,101.318015521659,2506,34,FALSE,0,FALSE,40.8611506851417
Indonesia,Female,Diabetes mellitus type 2,15-19 years,34.0981231211378,29108.8256605242,33.2618825107688,30635.0754137608,171.322263952477,101.318015521659,2506,34,FALSE,0,FALSE,40.8611506851417
Indonesia,Female,Diabetes mellitus type 2,2-4 years,0,0,0,0,171.322263952477,101.318015521659,2506,34,FALSE,0,FALSE,40.8611506851417
Indonesia,Female,Diabetes mellitus type 2,20-24 years,9.90897818315269,21576.9808194927,18.6582148123303,19110.6876107344,171.322263952477,101.318015521659,2506,34,FALSE,0,FALSE,40.8611506851417
Indonesia,Female,Diabetes mellitus type 2,25-29 years,9.8727364964887,15891.8822911695,33.4364533668226,6079.56841470509,171.322263952477,101.318015521659,2506,34,FALSE,0,FALSE,40.8611506851417
Indonesia,Female,Diabetes mellitus type 2,30-34 years,9.65487009264487,13579.5980061229,2.51692168229789,15699.0567382669,171.322263952477,101.318015521659,2506,34,FALSE,0,FALSE,40.8611506851417
Indonesia,Female,Diabetes mellitus type 2,35-39 years,63.4226848919829,9021.24839161841,55.0401483853546,20791.5309271345,171.322263952477,101.318015521659,2506,34,FALSE,0,FALSE,40.8611506851417
Indonesia,Female,Diabetes mellitus type 2,40-44 years,117.998266946987,17960.051641396,133.474159331495,23701.4928225684,171.322263952477,101.318015521659,2506,34,FALSE,0,FALSE,40.8611506851417
Indonesia,Female,Diabetes mellitus type 2,45-49 years,210.671170611412,20284.5040885955,187.970591165653,59498.1871708936,171.322263952477,101.318015521659,2506,34,FALSE,0,FALSE,40.8611506851417
Indonesia,Female,Diabetes mellitus type 2,5-9 years,0,0,0,0,171.322263952477,101.318015521659,2506,34,FALSE,0,FALSE,40.8611506851417
Indonesia,Female,Diabetes mellitus type 2,50-54 years,327.756343595454,24620.0767109879,475.677839281701,36883.0381401305,171.322263952477,101.318015521659,2506,34,FALSE,0,FALSE,40.8611506851417
Indonesia,Female,Diabetes mellitus type 2,55-59 years,641.235254374446,29245.1610407849,329.021288813029,41424.9508976198,171.322263952477,101.318015521659,2506,34,FALSE,0,FALSE,40.8611506851417
Indonesia,Female,Diabetes mellitus type 2,60-64 years,619.017391337872,26951.9984582195,394.444831792182,63421.4172229114,171.322263952477,101.318015521659,2506,34,FALSE,0,FALSE,40.8611506851417
Indonesia,Female,Diabetes mellitus type 2,65-69 years,1274.69286029732,53784.5485536924,286.547510541098,84792.4381421593,171.322263952477,101.318015521659,2506,34,FALSE,0,FALSE,40.8611506851417
Indonesia,Female,Diabetes mellitus type 2,70-74 years,2030.14413253561,85297.4074261713,1039.12706840142,111871.987060914,171.322263952477,101.318015521659,2506,34,FALSE,0,FALSE,40.8611506851417
Indonesia,Female,Diabetes mellitus type 2,75-79 years,2740.79905209637,91341.7884951319,557.35508713506,103183.024042258,171.322263952477,101.318015521659,2506,34,FALSE,0,FALSE,40.8611506851417
Indonesia,Female,Diabetes mellitus type 2,80-84 years,2749.28002249712,75733.5239335167,1133.02257792997,85989.1033185377,171.322263952477,101.318015521659,2506,34,FALSE,0,FALSE,40.8611506851417
Indonesia,Female,Diabetes mellitus type 2,85-89 years,2007.32391377446,38378.1299160155,869.469648201329,45785.0663870674,171.322263952477,101.318015521659,2506,34,FALSE,0,FALSE,40.8611506851417
Indonesia,Female,Diabetes mellitus type 2,90-94 years,827.741552097539,9898.75463660536,735.628172743827,11821.3451145549,171.322263952477,101.318015521659,2506,34,FALSE,0,FALSE,40.8611506851417
Indonesia,Female,Diabetes mellitus type 2,95+ years,269.091896778658,2042.06283751889,266.546897090674,2067.12742095358,171.322263952477,101.318015521659,2506,34,FALSE,0,FALSE,40.8611506851417
Indonesia,Female,Diabetes mellitus type 2,<1 year,0,0,0,0,171.322263952477,101.318015521659,2506,34,FALSE,0,FALSE,40.8611506851417
Indonesia,Female,Hypertensive heart disease,10-14 years,0.551235310280443,13.1781868520731,0.551235310280443,13.1781868520731,160.885467980246,93.9851634483661,2506,34,FALSE,0,FALSE,41.5825651450969
Indonesia,Female,Hypertensive heart disease,12-23 months,0,0,0,0,160.885467980246,93.9851634483661,2506,34,FALSE,0,FALSE,41.5825651450969
Indonesia,Female,Hypertensive heart disease,15-19 years,8.63617481384151,69.6889444948479,6.79406564994059,66.7349702777913,160.885467980246,93.9851634483661,2506,34,FALSE,0,FALSE,41.5825651450969
Indonesia,Female,Hypertensive heart disease,2-4 years,0,0,0,0,160.885467980246,93.9851634483661,2506,34,FALSE,0,FALSE,41.5825651450969
Indonesia,Female,Hypertensive heart disease,20-24 years,1.89675119563281,113.287386317169,4.54329901021276,35.8533726824148,160.885467980246,93.9851634483661,2506,34,FALSE,0,FALSE,41.5825651450969
Indonesia,Female,Hypertensive heart disease,25-29 years,7.77038909716019,46.6504349255205,3.72856550696987,242.258485696598,160.885467980246,93.9851634483661,2506,34,FALSE,0,FALSE,41.5825651450969
Indonesia,Female,Hypertensive heart disease,30-34 years,8.57193757695768,230.923561787079,86.4978808900757,612.878912851206,160.885467980246,93.9851634483661,2506,34,FALSE,0,FALSE,41.5825651450969
Indonesia,Female,Hypertensive heart disease,35-39 years,42.8884499066587,453.25034547882,31.2530919295914,558.901849941986,160.885467980246,93.9851634483661,2506,34,FALSE,0,FALSE,41.5825651450969
Indonesia,Female,Hypertensive heart disease,40-44 years,27.1192559715547,657.207617321516,53.0021749582648,152.568964539498,160.885467980246,93.9851634483661,2506,34,FALSE,0,FALSE,41.5825651450969
Indonesia,Female,Hypertensive heart disease,45-49 years,32.4997302664193,193.147639691914,39.7583755194796,479.506992769722,160.885467980246,93.9851634483661,2506,34,FALSE,0,FALSE,41.5825651450969
Indonesia,Female,Hypertensive heart disease,5-9 years,0,0,0,0,160.885467980246,93.9851634483661,2506,34,FALSE,0,FALSE,41.5825651450969
Indonesia,Female,Hypertensive heart disease,50-54 years,74.621460314623,137.09867854658,65.294143681146,235.340837302333,160.885467980246,93.9851634483661,2506,34,FALSE,0,FALSE,41.5825651450969
Indonesia,Female,Hypertensive heart disease,55-59 years,360.26133673965,3318.44515127125,590.241809325673,1189.76382284222,160.885467980246,93.9851634483661,2506,34,FALSE,0,FALSE,41.5825651450969
Indonesia,Female,Hypertensive heart disease,60-64 years,350.798758237798,6110.19372044315,329.773835136456,1662.5335451181,160.885467980246,93.9851634483661,2506,34,FALSE,0,FALSE,41.5825651450969
Indonesia,Female,Hypertensive heart disease,65-69 years,527.575827651489,4162.02392129259,695.661826838689,4992.07219640007,160.885467980246,93.9851634483661,2506,34,FALSE,0,FALSE,41.5825651450969
Indonesia,Female,Hypertensive heart disease,70-74 years,712.265983308775,9600.75019195604,476.105829055708,5924.34981719691,160.885467980246,93.9851634483661,2506,34,FALSE,0,FALSE,41.5825651450969
Indonesia,Female,Hypertensive heart disease,75-79 years,1537.33559530295,16133.5678499157,2245.42828724422,11005.3447958355,160.885467980246,93.9851634483661,2506,34,FALSE,0,FALSE,41.5825651450969
Indonesia,Female,Hypertensive heart disease,80-84 years,1752.17419356454,17867.297559686,674.978066032336,6633.29246598987,160.885467980246,93.9851634483661,2506,34,FALSE,0,FALSE,41.5825651450969
Indonesia,Female,Hypertensive heart disease,85-89 years,1439.62076138873,10990.7653782388,507.683797151791,5822.74197432622,160.885467980246,93.9851634483661,2506,34,FALSE,0,FALSE,41.5825651450969
Indonesia,Female,Hypertensive heart disease,90-94 years,716.557945580535,3534.15618536016,341.514898267986,2567.51898472811,160.885467980246,93.9851634483661,2506,34,FALSE,0,FALSE,41.5825651450969
Indonesia,Female,Hypertensive heart disease,95+ years,400.483737788749,1446.48542704604,394.431093015223,1528.00201346016,160.885467980246,93.9851634483661,2506,34,FALSE,0,FALSE,41.5825651450969
Indonesia,Female,Hypertensive heart disease,<1 year,0,0,0,0,160.885467980246,93.9851634483661,2506,34,FALSE,0,FALSE,41.5825651450969
Indonesia,Female,Intracerebral hemorrhage,10-14 years,45.3592850703927,993.144486047956,18.3789713050535,2225.87141385641,2350.47580102902,598.253561793476,2506,44,FALSE,0,FALSE,74.5475549447663
Indonesia,Female,Intracerebral hemorrhage,12-23 months,117.671320436674,229.330734720944,53.5293049187328,62.834542941218,2350.47580102902,598.253561793476,2506,44,FALSE,0,FALSE,74.5475549447663
Indonesia,Female,Intracerebral hemorrhage,15-19 years,64.4153892235997,297.718974373999,155.253788831132,780.537001981241,2350.47580102902,598.253561793476,2506,44,FALSE,0,FALSE,74.5475549447663
Indonesia,Female,Intracerebral hemorrhage,2-4 years,8.71138502004786,1496.25683707875,7.88181555667655,992.350200166298,2350.47580102902,598.253561793476,2506,44,FALSE,0,FALSE,74.5475549447663
Indonesia,Female,Intracerebral hemorrhage,20-24 years,24.9742206709412,203.977082349904,67.1197533242867,205.26094097819,2350.47580102902,598.253561793476,2506,44,FALSE,0,FALSE,74.5475549447663
Indonesia,Female,Intracerebral hemorrhage,25-29 years,111.907685472521,429.889656723806,223.389085801324,885.244414293316,2350.47580102902,598.253561793476,2506,44,FALSE,0,FALSE,74.5475549447663
Indonesia,Female,Intracerebral hemorrhage,30-34 years,149.783096520904,1224.14787137847,783.622437052474,1951.64871520354,2350.47580102902,598.253561793476,2506,44,FALSE,0,FALSE,74.5475549447663
Indonesia,Female,Intracerebral hemorrhage,35-39 years,483.929191599093,2062.10067325033,271.826456782252,5773.65753134865,2350.47580102902,598.253561793476,2506,44,FALSE,0,FALSE,74.5475549447663
Indonesia,Female,Intracerebral hemorrhage,40-44 years,355.745436475462,2623.85277249616,754.475533243135,6194.936034118,2350.47580102902,598.253561793476,2506,44,FALSE,0,FALSE,74.5475549447663
Indonesia,Female,Intracerebral hemorrhage,45-49 years,703.877050989549,3225.2814837177,1156.77982757125,2410.01937406323,2350.47580102902,598.253561793476,2506,44,FALSE,0,FALSE,74.5475549447663
Indonesia,Female,Intracerebral hemorrhage,5-9 years,8.70044717874709,2710.8193960829,13.4594198177643,2803.92642827776,2350.47580102902,598.253561793476,2506,44,FALSE,0,FALSE,74.5475549447663
Indonesia,Female,Intracerebral hemorrhage,50-54 years,918.298990260385,2753.40173314832,689.492574989555,9534.67416438288,2350.47580102902,598.253561793476,2506,44,FALSE,0,FALSE,74.5475549447663
Indonesia,Female,Intracerebral hemorrhage,55-59 years,2405.05104558173,4300.9845337867,824.590042704452,20357.7891407235,2350.47580102902,598.253561793476,2506,44,FALSE,0,FALSE,74.5475549447663
Indonesia,Female,Intracerebral hemorrhage,60-64 years,2624.47684435321,5518.58422032373,11284.6687079119,14267.113524695,2350.47580102902,598.253561793476,2506,44,FALSE,0,FALSE,74.5475549447663
Indonesia,Female,Intracerebral hemorrhage,65-69 years,3105.41784354283,7329.16741651601,4637.95510446494,4331.45939121457,2350.47580102902,598.253561793476,2506,44,FALSE,0,FALSE,74.5475549447663
Indonesia,Female,Intracerebral hemorrhage,70-74 years,5172.59749531925,10291.661705432,1770.67264874133,2349.58109847127,2350.47580102902,598.253561793476,2506,44,FALSE,0,FALSE,74.5475549447663
Indonesia,Female,Intracerebral hemorrhage,75-79 years,5643.89193952874,10974.3485456432,3624.50963670448,3132.25517121042,2350.47580102902,598.253561793476,2506,44,FALSE,0,FALSE,74.5475549447663
Indonesia,Female,Intracerebral hemorrhage,80-84 years,5226.01064806502,9887.80388646528,3728.88220873467,5070.30466199208,2350.47580102902,598.253561793476,2506,44,FALSE,0,FALSE,74.5475549447663
Indonesia,Female,Intracerebral hemorrhage,85-89 years,3380.95379340541,6160.92447083805,1307.39048743724,6099.65508399917,2350.47580102902,598.253561793476,2506,44,FALSE,0,FALSE,74.5475549447663
Indonesia,Female,Intracerebral hemorrhage,90-94 years,1457.40300209766,2261.12625416792,1633.88187636019,2339.49673837548,2350.47580102902,598.253561793476,2506,44,FALSE,0,FALSE,74.5475549447663
Indonesia,Female,Intracerebral hemorrhage,95+ years,524.792979493559,859.72415266665,527.586899541495,848.565962625715,2350.47580102902,598.253561793476,2506,44,FALSE,0,FALSE,74.5475549447663
Indonesia,Female,Intracerebral hemorrhage,<1 year,8.59440212748661,12.4362263437895,8.59440212748661,12.4362263437895,2350.47580102902,598.253561793476,2506,44,FALSE,0,FALSE,74.5475549447663
Indonesia,Female,Ischemic heart disease,10-14 years,17.0163889056705,436.025128046662,17.0163889056705,436.025128046662,157.294875453454,101.686214281557,2506,34,FALSE,0,FALSE,35.3531295991597
Indonesia,Female,Ischemic heart disease,12-23 months,0,0,0,0,157.294875453454,101.686214281557,2506,34,FALSE,0,FALSE,35.3531295991597
Indonesia,Female,Ischemic heart disease,15-19 years,324.45680669148,3007.37875292861,194.313193682228,1474.58520425051,157.294875453454,101.686214281557,2506,34,FALSE,0,FALSE,35.3531295991597
Indonesia,Female,Ischemic heart disease,2-4 years,0,0,0,0,157.294875453454,101.686214281557,2506,34,FALSE,0,FALSE,35.3531295991597
Indonesia,Female,Ischemic heart disease,20-24 years,91.2393112174402,2270.70848240811,95.5858448604322,5499.10633031325,157.294875453454,101.686214281557,2506,34,FALSE,0,FALSE,35.3531295991597
Indonesia,Female,Ischemic heart disease,25-29 years,18.4870617073916,1707.74937494523,621.513384271721,8361.47687359282,157.294875453454,101.686214281557,2506,34,FALSE,0,FALSE,35.3531295991597
Indonesia,Female,Ischemic heart disease,30-34 years,123.419290336464,1102.38473826963,158.146962025371,8089.15295315692,157.294875453454,101.686214281557,2506,34,FALSE,0,FALSE,35.3531295991597
Indonesia,Female,Ischemic heart disease,35-39 years,255.589146582678,2874.61682866314,366.585377017191,8647.40695736411,157.294875453454,101.686214281557,2506,34,FALSE,0,FALSE,35.3531295991597
Indonesia,Female,Ischemic heart disease,40-44 years,341.779654770216,8013.7549283482,387.001420244253,2952.49622405722,157.294875453454,101.686214281557,2506,34,FALSE,0,FALSE,35.3531295991597
Indonesia,Female,Ischemic heart disease,45-49 years,255.588388786401,12937.645413343,2277.1657875981,15007.8737464254,157.294875453454,101.686214281557,2506,34,FALSE,0,FALSE,35.3531295991597
Indonesia,Female,Ischemic heart disease,5-9 years,0,0,0,0,157.294875453454,101.686214281557,2506,34,FALSE,0,FALSE,35.3531295991597
Indonesia,Female,Ischemic heart disease,50-54 years,328.903656543102,17102.3383627224,680.993460800281,16047.3834229765,157.294875453454,101.686214281557,2506,34,FALSE,0,FALSE,35.3531295991597
Indonesia,Female,Ischemic heart disease,55-59 years,869.018312252896,21411.1913434694,1941.66537456015,11988.470184835,157.294875453454,101.686214281557,2506,34,FALSE,0,FALSE,35.3531295991597
Indonesia,Female,Ischemic heart disease,60-64 years,676.874238774726,23161.2636789021,3274.53083413439,40462.2438538217,157.294875453454,101.686214281557,2506,34,FALSE,0,FALSE,35.3531295991597
Indonesia,Female,Ischemic heart disease,65-69 years,1929.93109623699,35255.0133215993,856.479328604133,68534.9279513321,157.294875453454,101.686214281557,2506,34,FALSE,0,FALSE,35.3531295991597
Indonesia,Female,Ischemic heart disease,70-74 years,3254.23343441625,65250.5898748186,5213.38617812526,85657.3069566674,157.294875453454,101.686214281557,2506,34,FALSE,0,FALSE,35.3531295991597
Indonesia,Female,Ischemic heart disease,75-79 years,5758.7497855207,78161.4279299529,2986.2337558528,69441.3196623943,157.294875453454,101.686214281557,2506,34,FALSE,0,FALSE,35.3531295991597
Indonesia,Female,Ischemic heart disease,80-84 years,5808.38993052893,69381.8100681751,4402.88946329719,63280.9395768965,157.294875453454,101.686214281557,2506,34,FALSE,0,FALSE,35.3531295991597
Indonesia,Female,Ischemic heart disease,85-89 years,4830.40661753197,39509.3621202856,1673.28490798602,34976.6586828104,157.294875453454,101.686214281557,2506,34,FALSE,0,FALSE,35.3531295991597
Indonesia,Female,Ischemic heart disease,90-94 years,2359.09992296439,12508.6530216106,1419.49884339111,17462.1365842628,157.294875453454,101.686214281557,2506,34,FALSE,0,FALSE,35.3531295991597
Indonesia,Female,Ischemic heart disease,95+ years,1174.34497024227,5102.29330555165,1099.52597949462,5200.3070687382,157.294875453454,101.686214281557,2506,34,FALSE,0,FALSE,35.3531295991597
Indonesia,Female,Ischemic heart disease,<1 year,0,0,0,0,157.294875453454,101.686214281557,2506,34,FALSE,0,FALSE,35.3531295991597
Indonesia,Female,Ischemic stroke,10-14 years,8.23595446759983,714.481523170257,2.40611376240238,759.235857971471,661.706099740097,241.213768684285,2506,44,FALSE,0,FALSE,63.5466910794644
Indonesia,Female,Ischemic stroke,12-23 months,18.7141392117511,143.906247520802,8.24400101076562,145.372170006217,661.706099740097,241.213768684285,2506,44,FALSE,0,FALSE,63.5466910794644
Indonesia,Female,Ischemic stroke,15-19 years,13.230495045961,362.514946291017,6.205886140261,760.728168385899,661.706099740097,241.213768684285,2506,44,FALSE,0,FALSE,63.5466910794644
Indonesia,Female,Ischemic stroke,2-4 years,2.6143446841423,904.245877598285,3.67664773604591,989.452806632147,661.706099740097,241.213768684285,2506,44,FALSE,0,FALSE,63.5466910794644
Indonesia,Female,Ischemic stroke,20-24 years,1.57584651699138,305.926387037574,8.542784530867,293.330328117392,661.706099740097,241.213768684285,2506,44,FALSE,0,FALSE,63.5466910794644
Indonesia,Female,Ischemic stroke,25-29 years,12.8306530837305,578.485730060619,12.083424266308,1170.21361701895,661.706099740097,241.213768684285,2506,44,FALSE,0,FALSE,63.5466910794644
Indonesia,Female,Ischemic stroke,30-34 years,8.66222201073782,753.820360189844,91.5189424307015,1290.70487390666,661.706099740097,241.213768684285,2506,44,FALSE,0,FALSE,63.5466910794644
Indonesia,Female,Ischemic stroke,35-39 years,62.3880118543316,1357.15754238729,168.056879976896,466.895786193065,661.706099740097,241.213768684285,2506,44,FALSE,0,FALSE,63.5466910794644
Indonesia,Female,Ischemic stroke,40-44 years,27.4898027881637,2951.48928394218,146.25314135272,3175.4459917795,661.706099740097,241.213768684285,2506,44,FALSE,0,FALSE,63.5466910794644
Indonesia,Female,Ischemic stroke,45-49 years,102.047092023889,4985.25352419762,344.79901175456,7176.28027403345,661.706099740097,241.213768684285,2506,44,FALSE,0,FALSE,63.5466910794644
Indonesia,Female,Ischemic stroke,5-9 years,1.49585206505556,1678.18546259415,3.40980159576832,1490.15373047826,661.706099740097,241.213768684285,2506,44,FALSE,0,FALSE,63.5466910794644
Indonesia,Female,Ischemic stroke,50-54 years,130.631492688797,7334.57139946304,92.0374369958415,5098.23607199044,661.706099740097,241.213768684285,2506,44,FALSE,0,FALSE,63.5466910794644
Indonesia,Female,Ischemic stroke,55-59 years,673.67044695649,10165.504289493,307.035778453312,12460.4860999473,661.706099740097,241.213768684285,2506,44,FALSE,0,FALSE,63.5466910794644
Indonesia,Female,Ischemic stroke,60-64 years,401.351101715352,12448.3674858225,271.084511421275,31321.1168126542,661.706099740097,241.213768684285,2506,44,FALSE,0,FALSE,63.5466910794644
Indonesia,Female,Ischemic stroke,65-69 years,2289.01701095619,21123.6058102611,1399.45852372629,27709.8439852511,661.706099740097,241.213768684285,2506,44,FALSE,0,FALSE,63.5466910794644
Indonesia,Female,Ischemic stroke,70-74 years,2702.61094599332,40060.3684815321,1238.99575893258,32245.9505471067,661.706099740097,241.213768684285,2506,44,FALSE,0,FALSE,63.5466910794644
Indonesia,Female,Ischemic stroke,75-79 years,6897.20007520199,47011.3743357014,2304.95082925622,62308.6390802595,661.706099740097,241.213768684285,2506,44,FALSE,0,FALSE,63.5466910794644
Indonesia,Female,Ischemic stroke,80-84 years,7280.83771214024,41883.1113124898,8544.47408265463,45784.630003062,661.706099740097,241.213768684285,2506,44,FALSE,0,FALSE,63.5466910794644
Indonesia,Female,Ischemic stroke,85-89 years,6437.31511961063,24180.8566860529,3050.32750095326,16502.4126049657,661.706099740097,241.213768684285,2506,44,FALSE,0,FALSE,63.5466910794644
Indonesia,Female,Ischemic stroke,90-94 years,3008.14145734521,6710.75688990691,3264.30898987212,4597.30031213116,661.706099740097,241.213768684285,2506,44,FALSE,0,FALSE,63.5466910794644
Indonesia,Female,Ischemic stroke,95+ years,1136.52062776499,1915.74529434469,1110.62799821275,2127.40052550644,661.706099740097,241.213768684285,2506,44,FALSE,0,FALSE,63.5466910794644
Indonesia,Female,Ischemic stroke,<1 year,1.54967352858145,6.71319486885138,1.54967352858145,6.71319486885138,661.706099740097,241.213768684285,2506,44,FALSE,0,FALSE,63.5466910794644
Indonesia,Female,Rheumatic heart disease,10-14 years,7.52487959849876,1136.34263261003,9.34957973749512,3371.78936816613,402.977649234147,290.054397098536,2506,42,FALSE,0,FALSE,28.0222122368872
Indonesia,Female,Rheumatic heart disease,12-23 months,6.16788024874062,99.4179566308853,6.16788024874062,99.4179566308853,402.977649234147,290.054397098536,2506,42,FALSE,0,FALSE,28.0222122368872
Indonesia,Female,Rheumatic heart disease,15-19 years,20.458782902337,2860.20954340377,61.782618894387,9727.90027198002,402.977649234147,290.054397098536,2506,42,FALSE,0,FALSE,28.0222122368872
Indonesia,Female,Rheumatic heart disease,2-4 years,9.39892220463397,793.650927952139,9.39787362909397,892.057150952316,402.977649234147,290.054397098536,2506,42,FALSE,0,FALSE,28.0222122368872
Indonesia,Female,Rheumatic heart disease,20-24 years,20.3813315994041,5208.09902243764,44.1601963881999,2695.20381394552,402.977649234147,290.054397098536,2506,42,FALSE,0,FALSE,28.0222122368872
Indonesia,Female,Rheumatic heart disease,25-29 years,21.6971436908451,10317.2713564204,32.843363162098,6684.33589746134,402.977649234147,290.054397098536,2506,42,FALSE,0,FALSE,28.0222122368872
Indonesia,Female,Rheumatic heart disease,30-34 years,17.3044761887985,8501.89835176829,47.2332319436725,7414.03738242782,402.977649234147,290.054397098536,2506,42,FALSE,0,FALSE,28.0222122368872
Indonesia,Female,Rheumatic heart disease,35-39 years,46.668414071447,3048.85035801361,56.203412799412,3209.60542033655,402.977649234147,290.054397098536,2506,42,FALSE,0,FALSE,28.0222122368872
Indonesia,Female,Rheumatic heart disease,40-44 years,40.90230686738,4720.85017168098,234.487347419952,4066.09272426269,402.977649234147,290.054397098536,2506,42,FALSE,0,FALSE,28.0222122368872
Indonesia,Female,Rheumatic heart disease,45-49 years,105.551922357126,9286.31899916976,169.598858527171,8565.38588658907,402.977649234147,290.054397098536,2506,42,FALSE,0,FALSE,28.0222122368872
Indonesia,Female,Rheumatic heart disease,5-9 years,8.29376356696761,2140.48665677091,14.6045891558734,2715.96300234703,402.977649234147,290.054397098536,2506,42,FALSE,0,FALSE,28.0222122368872
Indonesia,Female,Rheumatic heart disease,50-54 years,105.631165375108,9814.88250540851,82.4704678615208,9475.11343543931,402.977649234147,290.054397098536,2506,42,FALSE,0,FALSE,28.0222122368872
Indonesia,Female,Rheumatic heart disease,55-59 years,96.9429716928695,8471.87455849238,123.073991345391,8626.60718231927,402.977649234147,290.054397098536,2506,42,FALSE,0,FALSE,28.0222122368872
Indonesia,Female,Rheumatic heart disease,60-64 years,83.0383714005589,5966.01780638047,84.1280003051989,6017.66284403463,402.977649234147,290.054397098536,2506,42,FALSE,0,FALSE,28.0222122368872
Indonesia,Female,Rheumatic heart disease,65-69 years,68.070871756142,4431.53687015626,42.640797306941,4602.32123198229,402.977649234147,290.054397098536,2506,42,FALSE,0,FALSE,28.0222122368872
Indonesia,Female,Rheumatic heart disease,70-74 years,69.5136594673016,4382.16613508863,15.1570939937981,4602.26670711127,402.977649234147,290.054397098536,2506,42,FALSE,0,FALSE,28.0222122368872
Indonesia,Female,Rheumatic heart disease,75-79 years,58.4988107186065,3451.75861570394,40.5332882151269,3575.54114173902,402.977649234147,290.054397098536,2506,42,FALSE,0,FALSE,28.0222122368872
Indonesia,Female,Rheumatic heart disease,80-84 years,45.4732668218793,2148.26355295889,32.1712884582011,2195.74498824317,402.977649234147,290.054397098536,2506,42,FALSE,0,FALSE,28.0222122368872
Indonesia,Female,Rheumatic heart disease,85-89 years,30.5145600591952,885.415669883004,14.5284677457132,909.395745624632,402.977649234147,290.054397098536,2506,42,FALSE,0,FALSE,28.0222122368872
Indonesia,Female,Rheumatic heart disease,90-94 years,13.707898903043,205.290999443781,17.0039505513442,195.472003753464,402.977649234147,290.054397098536,2506,42,FALSE,0,FALSE,28.0222122368872
Indonesia,Female,Rheumatic heart disease,95+ years,5.77196569094832,50.5319474704817,5.34729791199094,53.2683312354332,402.977649234147,290.054397098536,2506,42,FALSE,0,FALSE,28.0222122368872
Indonesia,Female,Rheumatic heart disease,<1 year,0,0,0,0,402.977649234147,290.054397098536,2506,42,FALSE,0,FALSE,28.0222122368872
Indonesia,Male,Cardiomyopathy and myocarditis,10-14 years,8.25188891457721,156.398689316786,2.20388227093837,210.472784992494,1398.5147287911,567.978265257078,2506,44,FALSE,0,FALSE,59.3870372929108
Indonesia,Male,Cardiomyopathy and myocarditis,12-23 months,43.2365593648014,169.311551341981,24.9690018228213,166.906380913641,1398.5147287911,567.978265257078,2506,44,FALSE,0,FALSE,59.3870372929108
Indonesia,Male,Cardiomyopathy and myocarditis,15-19 years,11.2733994313425,248.024994593593,30.1292521498971,192.788424199918,1398.5147287911,567.978265257078,2506,44,FALSE,0,FALSE,59.3870372929108
Indonesia,Male,Cardiomyopathy and myocarditis,2-4 years,3.58613962380183,553.018652818903,3.80983130579068,569.624778059534,1398.5147287911,567.978265257078,2506,44,FALSE,0,FALSE,59.3870372929108
Indonesia,Male,Cardiomyopathy and myocarditis,20-24 years,13.1406344683047,202.381774036418,4.04807774764048,201.475131440022,1398.5147287911,567.978265257078,2506,44,FALSE,0,FALSE,59.3870372929108
Indonesia,Male,Cardiomyopathy and myocarditis,25-29 years,29.1104101674539,245.495199631398,71.3522115382798,136.71956560573,1398.5147287911,567.978265257078,2506,44,FALSE,0,FALSE,59.3870372929108
Indonesia,Male,Cardiomyopathy and myocarditis,30-34 years,30.1986265822629,283.047919467153,6.95664573148002,270.602953451253,1398.5147287911,567.978265257078,2506,44,FALSE,0,FALSE,59.3870372929108
Indonesia,Male,Cardiomyopathy and myocarditis,35-39 years,13.9672023473829,105.133539533384,24.4339550167816,531.580896238425,1398.5147287911,567.978265257078,2506,44,FALSE,0,FALSE,59.3870372929108
Indonesia,Male,Cardiomyopathy and myocarditis,40-44 years,43.9312200927535,76.0823451543778,47.1577831181571,441.0070340057,1398.5147287911,567.978265257078,2506,44,FALSE,0,FALSE,59.3870372929108
Indonesia,Male,Cardiomyopathy and myocarditis,45-49 years,12.0333463127674,62.9388029954128,65.7563963123969,161.816105389211,1398.5147287911,567.978265257078,2506,44,FALSE,0,FALSE,59.3870372929108
Indonesia,Male,Cardiomyopathy and myocarditis,5-9 years,5.73605912152644,495.67372921294,3.38213576669441,513.312796051589,1398.5147287911,567.978265257078,2506,44,FALSE,0,FALSE,59.3870372929108
Indonesia,Male,Cardiomyopathy and myocarditis,50-54 years,46.1589167444638,76.2660287433456,48.3943185980136,71.6453888217449,1398.5147287911,567.978265257078,2506,44,FALSE,0,FALSE,59.3870372929108
Indonesia,Male,Cardiomyopathy and myocarditis,55-59 years,78.0115794409699,273.561121525664,22.181559499984,76.3356034756194,1398.5147287911,567.978265257078,2506,44,FALSE,0,FALSE,59.3870372929108
Indonesia,Male,Cardiomyopathy and myocarditis,60-64 years,36.6723336717941,286.845355746264,29.9086585041587,225.061125744887,1398.5147287911,567.978265257078,2506,44,FALSE,0,FALSE,59.3870372929108
Indonesia,Male,Cardiomyopathy and myocarditis,65-69 years,74.1362261142576,210.360370308751,54.8691509154395,217.974652654917,1398.5147287911,567.978265257078,2506,44,FALSE,0,FALSE,59.3870372929108
Indonesia,Male,Cardiomyopathy and myocarditis,70-74 years,95.3435814032693,648.434390788778,40.8149943644336,997.102190630975,1398.5147287911,567.978265257078,2506,44,FALSE,0,FALSE,59.3870372929108
Indonesia,Male,Cardiomyopathy and myocarditis,75-79 years,186.715080315757,1088.89532794524,262.601507717331,832.074942252881,1398.5147287911,567.978265257078,2506,44,FALSE,0,FALSE,59.3870372929108
Indonesia,Male,Cardiomyopathy and myocarditis,80-84 years,210.976976076686,1351.16351319927,150.435585471841,782.877915256139,1398.5147287911,567.978265257078,2506,44,FALSE,0,FALSE,59.3870372929108
Indonesia,Male,Cardiomyopathy and myocarditis,85-89 years,197.191608474808,898.124114577107,158.836743759617,746.368699425648,1398.5147287911,567.978265257078,2506,44,FALSE,0,FALSE,59.3870372929108
Indonesia,Male,Cardiomyopathy and myocarditis,90-94 years,114.899394824004,323.456183038605,69.7878107353869,281.078673894395,1398.5147287911,567.978265257078,2506,44,FALSE,0,FALSE,59.3870372929108
Indonesia,Male,Cardiomyopathy and myocarditis,95+ years,51.2201010368316,100.137405745087,51.4272336816913,113.973469656002,1398.5147287911,567.978265257078,2506,44,FALSE,0,FALSE,59.3870372929108
Indonesia,Male,Cardiomyopathy and myocarditis,<1 year,2.92540810307591,10.2025359155882,2.92540810307591,10.2025359155882,1398.5147287911,567.978265257078,2506,44,FALSE,0,FALSE,59.3870372929108
Indonesia,Male,Diabetes mellitus type 2,10-14 years,1.6827130022073,2489.83810529135,1.6827130022073,2489.83810529135,108.605495178387,69.9306428775273,2506,34,FALSE,0,FALSE,35.6104009629857
Indonesia,Male,Diabetes mellitus type 2,12-23 months,0,0,0,0,108.605495178387,69.9306428775273,2506,34,FALSE,0,FALSE,35.6104009629857
Indonesia,Male,Diabetes mellitus type 2,15-19 years,26.8500731966274,24745.280248676,29.2304065939307,15816.9121740574,108.605495178387,69.9306428775273,2506,34,FALSE,0,FALSE,35.6104009629857
Indonesia,Male,Diabetes mellitus type 2,2-4 years,0,0,0,0,108.605495178387,69.9306428775273,2506,34,FALSE,0,FALSE,35.6104009629857
Indonesia,Male,Diabetes mellitus type 2,20-24 years,8.16210407781742,19684.7031592534,5.59935351752407,9768.9315576026,108.605495178387,69.9306428775273,2506,34,FALSE,0,FALSE,35.6104009629857
Indonesia,Male,Diabetes mellitus type 2,25-29 years,23.9473454643977,18140.8367531808,37.0607552362403,17900.6532479397,108.605495178387,69.9306428775273,2506,34,FALSE,0,FALSE,35.6104009629857
Indonesia,Male,Diabetes mellitus type 2,30-34 years,22.3386139838404,18319.9637975148,39.9200921884877,18702.9352751061,108.605495178387,69.9306428775273,2506,34,FALSE,0,FALSE,35.6104009629857
Indonesia,Male,Diabetes mellitus type 2,35-39 years,122.145732857192,12327.3679371297,16.8446370694626,9946.65279372564,108.605495178387,69.9306428775273,2506,34,FALSE,0,FALSE,35.6104009629857
Indonesia,Male,Diabetes mellitus type 2,40-44 years,217.640386746747,22646.4242301048,142.498544692546,23907.4229118822,108.605495178387,69.9306428775273,2506,34,FALSE,0,FALSE,35.6104009629857
Indonesia,Male,Diabetes mellitus type 2,45-49 years,384.991927565494,21498.2003440171,799.438174806517,42248.9050226138,108.605495178387,69.9306428775273,2506,34,FALSE,0,FALSE,35.6104009629857
Indonesia,Male,Diabetes mellitus type 2,5-9 years,0,0,0,0,108.605495178387,69.9306428775273,2506,34,FALSE,0,FALSE,35.6104009629857
Indonesia,Male,Diabetes mellitus type 2,50-54 years,314.630655845153,21745.1567031477,605.088148542474,27338.4666867461,108.605495178387,69.9306428775273,2506,34,FALSE,0,FALSE,35.6104009629857
Indonesia,Male,Diabetes mellitus type 2,55-59 years,544.975945786356,25209.787673866,569.167871259105,17962.8188279857,108.605495178387,69.9306428775273,2506,34,FALSE,0,FALSE,35.6104009629857
Indonesia,Male,Diabetes mellitus type 2,60-64 years,441.612108182428,30207.5738553921,1464.94735201766,44491.4387713617,108.605495178387,69.9306428775273,2506,34,FALSE,0,FALSE,35.6104009629857
Indonesia,Male,Diabetes mellitus type 2,65-69 years,878.414768404519,37621.2491370946,3447.30805859222,50120.0934695303,108.605495178387,69.9306428775273,2506,34,FALSE,0,FALSE,35.6104009629857
Indonesia,Male,Diabetes mellitus type 2,70-74 years,1754.75841539968,42733.0338764202,1089.74030049892,39303.3625922108,108.605495178387,69.9306428775273,2506,34,FALSE,0,FALSE,35.6104009629857
Indonesia,Male,Diabetes mellitus type 2,75-79 years,2256.0427313601,50012.235467401,861.239349251674,62377.6932064104,108.605495178387,69.9306428775273,2506,34,FALSE,0,FALSE,35.6104009629857
Indonesia,Male,Diabetes mellitus type 2,80-84 years,2231.89515396439,40989.5029097796,589.5530233326,46895.0367448775,108.605495178387,69.9306428775273,2506,34,FALSE,0,FALSE,35.6104009629857
Indonesia,Male,Diabetes mellitus type 2,85-89 years,1494.28048570189,19309.375346797,593.097061813432,21517.3550039871,108.605495178387,69.9306428775273,2506,34,FALSE,0,FALSE,35.6104009629857
Indonesia,Male,Diabetes mellitus type 2,90-94 years,564.455222695795,4704.53078900098,305.109088623578,6633.67477849995,108.605495178387,69.9306428775273,2506,34,FALSE,0,FALSE,35.6104009629857
Indonesia,Male,Diabetes mellitus type 2,95+ years,182.833836371902,1242.91508151512,185.839287920618,1220.53237709756,108.605495178387,69.9306428775273,2506,34,FALSE,0,FALSE,35.6104009629857
Indonesia,Male,Diabetes mellitus type 2,<1 year,0,0,0,0,108.605495178387,69.9306428775273,2506,34,FALSE,0,FALSE,35.6104009629857
Indonesia,Male,Hypertensive heart disease,10-14 years,0.456141824034625,13.0460412000505,0.456141824034625,13.0460412000505,123.625313777921,78.8645600380176,2506,34,FALSE,0,FALSE,36.2067867591513
Indonesia,Male,Hypertensive heart disease,12-23 months,0,0,0,0,123.625313777921,78.8645600380176,2506,34,FALSE,0,FALSE,36.2067867591513
Indonesia,Male,Hypertensive heart disease,15-19 years,3.30645382929288,77.1745039926041,2.33997395423844,87.2591600594647,123.625313777921,78.8645600380176,2506,34,FALSE,0,FALSE,36.2067867591513
Indonesia,Male,Hypertensive heart disease,2-4 years,0,0,0,0,123.625313777921,78.8645600380176,2506,34,FALSE,0,FALSE,36.2067867591513
Indonesia,Male,Hypertensive heart disease,20-24 years,3.87739972140024,95.0042218648851,14.0457084807884,69.0661056956309,123.625313777921,78.8645600380176,2506,34,FALSE,0,FALSE,36.2067867591513
Indonesia,Male,Hypertensive heart disease,25-29 years,18.9842413727366,65.4425821954641,19.1760429966127,142.679669914208,123.625313777921,78.8645600380176,2506,34,FALSE,0,FALSE,36.2067867591513
Indonesia,Male,Hypertensive heart disease,30-34 years,30.0391111336557,300.836717065479,62.7513109152101,56.3419866841279,123.625313777921,78.8645600380176,2506,34,FALSE,0,FALSE,36.2067867591513
Indonesia,Male,Hypertensive heart disease,35-39 years,81.6435255020096,554.96061498827,141.137411447267,700.954389358323,123.625313777921,78.8645600380176,2506,34,FALSE,0,FALSE,36.2067867591513
Indonesia,Male,Hypertensive heart disease,40-44 years,210.751140808976,828.634429179538,493.532654368818,2681.62307547056,123.625313777921,78.8645600380176,2506,34,FALSE,0,FALSE,36.2067867591513
Indonesia,Male,Hypertensive heart disease,45-49 years,166.13497066804,372.691823010608,515.067914203835,1991.38328820326,123.625313777921,78.8645600380176,2506,34,FALSE,0,FALSE,36.2067867591513
Indonesia,Male,Hypertensive heart disease,5-9 years,0,0,0,0,123.625313777921,78.8645600380176,2506,34,FALSE,0,FALSE,36.2067867591513
Indonesia,Male,Hypertensive heart disease,50-54 years,194.692848512526,104.957464495885,596.716647444441,244.347645297838,123.625313777921,78.8645600380176,2506,34,FALSE,0,FALSE,36.2067867591513
Indonesia,Male,Hypertensive heart disease,55-59 years,708.504556366859,3125.76565290077,285.892319748516,2509.99412581352,123.625313777921,78.8645600380176,2506,34,FALSE,0,FALSE,36.2067867591513
Indonesia,Male,Hypertensive heart disease,60-64 years,417.621905253679,4733.04323422865,137.579208159484,2244.49195977256,123.625313777921,78.8645600380176,2506,34,FALSE,0,FALSE,36.2067867591513
Indonesia,Male,Hypertensive heart disease,65-69 years,737.537482610389,1682.17648518696,1378.56162837342,3642.816343613,123.625313777921,78.8645600380176,2506,34,FALSE,0,FALSE,36.2067867591513
Indonesia,Male,Hypertensive heart disease,70-74 years,888.733100615491,5736.39239853992,777.54043946563,2628.42268013682,123.625313777921,78.8645600380176,2506,34,FALSE,0,FALSE,36.2067867591513
Indonesia,Male,Hypertensive heart disease,75-79 years,1492.46567585558,9679.44413571671,810.393513379828,1570.6780133286,123.625313777921,78.8645600380176,2506,34,FALSE,0,FALSE,36.2067867591513
Indonesia,Male,Hypertensive heart disease,80-84 years,1301.32915584517,9230.51824406461,783.187081750036,1505.5912220233,123.625313777921,78.8645600380176,2506,34,FALSE,0,FALSE,36.2067867591513
Indonesia,Male,Hypertensive heart disease,85-89 years,842.316910677777,4759.74557058174,177.427520412831,1689.75169723224,123.625313777921,78.8645600380176,2506,34,FALSE,0,FALSE,36.2067867591513
Indonesia,Male,Hypertensive heart disease,90-94 years,337.392392555731,1425.53887053127,196.721208919902,1651.5511886616,123.625313777921,78.8645600380176,2506,34,FALSE,0,FALSE,36.2067867591513
Indonesia,Male,Hypertensive heart disease,95+ years,133.73997463063,443.039753012688,139.784718508763,579.604237418299,123.625313777921,78.8645600380176,2506,34,FALSE,0,FALSE,36.2067867591513
Indonesia,Male,Hypertensive heart disease,<1 year,0,0,0,0,123.625313777921,78.8645600380176,2506,34,FALSE,0,FALSE,36.2067867591513
Indonesia,Male,Intracerebral hemorrhage,10-14 years,39.5061150833418,798.79979572807,24.9833654131759,752.799821164177,1843.76254050135,595.383567261154,2506,44,FALSE,0,FALSE,67.7082295478647
Indonesia,Male,Intracerebral hemorrhage,12-23 months,81.2507235406691,171.272089123358,43.5284322415589,122.916600471525,1843.76254050135,595.383567261154,2506,44,FALSE,0,FALSE,67.7082295478647
Indonesia,Male,Intracerebral hemorrhage,15-19 years,9.93655058187314,416.392595699959,36.2644267042123,1391.33925289774,1843.76254050135,595.383567261154,2506,44,FALSE,0,FALSE,67.7082295478647
Indonesia,Male,Intracerebral hemorrhage,2-4 years,12.2777837372751,1114.84985619226,12.9967283213248,942.038470716152,1843.76254050135,595.383567261154,2506,44,FALSE,0,FALSE,67.7082295478647
Indonesia,Male,Intracerebral hemorrhage,20-24 years,77.5430709829884,970.761649635177,85.8115887322943,2043.65587313354,1843.76254050135,595.383567261154,2506,44,FALSE,0,FALSE,67.7082295478647
Indonesia,Male,Intracerebral hemorrhage,25-29 years,189.619796114682,1343.4867919495,353.555947225588,1706.2120500329,1843.76254050135,595.383567261154,2506,44,FALSE,0,FALSE,67.7082295478647
Indonesia,Male,Intracerebral hemorrhage,30-34 years,257.254625619919,2156.51057781736,344.874206461348,4853.44635452065,1843.76254050135,595.383567261154,2506,44,FALSE,0,FALSE,67.7082295478647
Indonesia,Male,Intracerebral hemorrhage,35-39 years,488.334631311283,2475.44710707475,1640.01621373058,6879.59345881423,1843.76254050135,595.383567261154,2506,44,FALSE,0,FALSE,67.7082295478647
Indonesia,Male,Intracerebral hemorrhage,40-44 years,1291.15221792932,2415.6325840657,2368.81136298356,1654.05395562652,1843.76254050135,595.383567261154,2506,44,FALSE,0,FALSE,67.7082295478647
Indonesia,Male,Intracerebral hemorrhage,45-49 years,1295.88586414361,3059.30219807539,267.56471579379,9609.59650972311,1843.76254050135,595.383567261154,2506,44,FALSE,0,FALSE,67.7082295478647
Indonesia,Male,Intracerebral hemorrhage,5-9 years,5.18207266671209,2061.41120534403,10.4570984948699,1717.3151434043,1843.76254050135,595.383567261154,2506,44,FALSE,0,FALSE,67.7082295478647
Indonesia,Male,Intracerebral hemorrhage,50-54 years,1434.56228617664,2229.8453901162,4178.76682803872,3310.96085347567,1843.76254050135,595.383567261154,2506,44,FALSE,0,FALSE,67.7082295478647
Indonesia,Male,Intracerebral hemorrhage,55-59 years,2288.94246226883,1509.83340240325,2535.51496789879,7025.30331352606,1843.76254050135,595.383567261154,2506,44,FALSE,0,FALSE,67.7082295478647
Indonesia,Male,Intracerebral hemorrhage,60-64 years,1411.25572411897,1210.36599021094,1963.11048863281,10591.9587139203,1843.76254050135,595.383567261154,2506,44,FALSE,0,FALSE,67.7082295478647
Indonesia,Male,Intracerebral hemorrhage,65-69 years,2790.90216207479,2797.33112989298,6320.53163960989,1459.92624259165,1843.76254050135,595.383567261154,2506,44,FALSE,0,FALSE,67.7082295478647
Indonesia,Male,Intracerebral hemorrhage,70-74 years,4568.73801185744,5710.83523720026,2156.60253653869,1240.52869550584,1843.76254050135,595.383567261154,2506,44,FALSE,0,FALSE,67.7082295478647
Indonesia,Male,Intracerebral hemorrhage,75-79 years,5247.55599525172,5918.39496559786,2378.53891111195,2323.49892581816,1843.76254050135,595.383567261154,2506,44,FALSE,0,FALSE,67.7082295478647
Indonesia,Male,Intracerebral hemorrhage,80-84 years,4079.64877141104,4207.61381584884,2917.2018515986,2985.76332764589,1843.76254050135,595.383567261154,2506,44,FALSE,0,FALSE,67.7082295478647
Indonesia,Male,Intracerebral hemorrhage,85-89 years,2165.34224288573,2219.02495014098,984.972104052029,1774.51776901251,1843.76254050135,595.383567261154,2506,44,FALSE,0,FALSE,67.7082295478647
Indonesia,Male,Intracerebral hemorrhage,90-94 years,846.743542106991,956.539461601612,402.989189989059,1066.33121896677,1843.76254050135,595.383567261154,2506,44,FALSE,0,FALSE,67.7082295478647
Indonesia,Male,Intracerebral hemorrhage,95+ years,269.184503621893,211.684003387732,293.593843888429,196.596944095599,1843.76254050135,595.383567261154,2506,44,FALSE,0,FALSE,67.7082295478647
Indonesia,Male,Intracerebral hemorrhage,<1 year,6.16328145890651,8.93002846736422,6.16328145890651,8.93002846736422,1843.76254050135,595.383567261154,2506,44,FALSE,0,FALSE,67.7082295478647
Indonesia,Male,Ischemic heart disease,10-14 years,12.2138632781479,369.927413357832,12.2138632781479,369.927413357832,144.903363164657,66.6239059842101,2506,34,FALSE,0,FALSE,54.0218359814713
Indonesia,Male,Ischemic heart disease,12-23 months,0,0,0,0,144.903363164657,66.6239059842101,2506,34,FALSE,0,FALSE,54.0218359814713
Indonesia,Male,Ischemic heart disease,15-19 years,144.83302462151,2515.97166052323,120.007879815074,3290.2676353891,144.903363164657,66.6239059842101,2506,34,FALSE,0,FALSE,54.0218359814713
Indonesia,Male,Ischemic heart disease,2-4 years,0,0,0,0,144.903363164657,66.6239059842101,2506,34,FALSE,0,FALSE,54.0218359814713
Indonesia,Male,Ischemic heart disease,20-24 years,36.4369957110518,2181.57751334551,91.2686816408454,3163.39538116244,144.903363164657,66.6239059842101,2506,34,FALSE,0,FALSE,54.0218359814713
Indonesia,Male,Ischemic heart disease,25-29 years,87.7337378955182,2784.81350844211,304.530670017101,1478.94734662858,144.903363164657,66.6239059842101,2506,34,FALSE,0,FALSE,54.0218359814713
Indonesia,Male,Ischemic heart disease,30-34 years,119.684760206259,3505.78541356223,312.860192228906,15813.5669069342,144.903363164657,66.6239059842101,2506,34,FALSE,0,FALSE,54.0218359814713
Indonesia,Male,Ischemic heart disease,35-39 years,270.263750564396,5024.8937669525,972.80032393386,6912.34662867635,144.903363164657,66.6239059842101,2506,34,FALSE,0,FALSE,54.0218359814713
Indonesia,Male,Ischemic heart disease,40-44 years,838.527929251945,10875.4920120301,305.523706992697,30027.9430314965,144.903363164657,66.6239059842101,2506,34,FALSE,0,FALSE,54.0218359814713
Indonesia,Male,Ischemic heart disease,45-49 years,397.070416878601,18932.9821604014,1516.829241238,25949.0207680082,144.903363164657,66.6239059842101,2506,34,FALSE,0,FALSE,54.0218359814713
Indonesia,Male,Ischemic heart disease,5-9 years,0,0,0,0,144.903363164657,66.6239059842101,2506,34,FALSE,0,FALSE,54.0218359814713
Indonesia,Male,Ischemic heart disease,50-54 years,531.481684197581,24127.1777792694,5472.84582751684,4009.19728300733,144.903363164657,66.6239059842101,2506,34,FALSE,0,FALSE,54.0218359814713
Indonesia,Male,Ischemic heart disease,55-59 years,1294.83695612982,23382.6110690477,1952.04516185162,15230.51082735,144.903363164657,66.6239059842101,2506,34,FALSE,0,FALSE,54.0218359814713
Indonesia,Male,Ischemic heart disease,60-64 years,766.401642261536,14966.55088475,1473.82608610086,19933.6976238312,144.903363164657,66.6239059842101,2506,34,FALSE,0,FALSE,54.0218359814713
Indonesia,Male,Ischemic heart disease,65-69 years,3652.73160539823,30217.8674800763,4622.71453120301,37576.1735891371,144.903363164657,66.6239059842101,2506,34,FALSE,0,FALSE,54.0218359814713
Indonesia,Male,Ischemic heart disease,70-74 years,5315.99702884131,56802.1706942725,1271.23314185262,80683.6955729963,144.903363164657,66.6239059842101,2506,34,FALSE,0,FALSE,54.0218359814713
Indonesia,Male,Ischemic heart disease,75-79 years,7076.37617197511,64315.1080582026,2110.60438749854,68807.5784302439,144.903363164657,66.6239059842101,2506,34,FALSE,0,FALSE,54.0218359814713
Indonesia,Male,Ischemic heart disease,80-84 years,6445.58825033395,52263.314131208,2900.09663758993,42806.7785099915,144.903363164657,66.6239059842101,2506,34,FALSE,0,FALSE,54.0218359814713
Indonesia,Male,Ischemic heart disease,85-89 years,4638.40538926182,26366.2532620121,1688.55245757388,19339.1060771534,144.903363164657,66.6239059842101,2506,34,FALSE,0,FALSE,54.0218359814713
Indonesia,Male,Ischemic heart disease,90-94 years,2137.96189641293,7498.53795766153,1303.1165536645,7044.65025811557,144.903363164657,66.6239059842101,2506,34,FALSE,0,FALSE,54.0218359814713
Indonesia,Male,Ischemic heart disease,95+ years,889.952986627389,2207.11004125446,866.823565630113,2177.05105973426,144.903363164657,66.6239059842101,2506,34,FALSE,0,FALSE,54.0218359814713
Indonesia,Male,Ischemic heart disease,<1 year,0,0,0,0,144.903363164657,66.6239059842101,2506,34,FALSE,0,FALSE,54.0218359814713
Indonesia,Male,Ischemic stroke,10-14 years,5.43082985242136,916.457202031695,2.60612412640967,1205.84842932344,1251.23004369319,451.804963234721,2506,44,FALSE,0,FALSE,63.8911353262304
Indonesia,Male,Ischemic stroke,12-23 months,12.5496527497317,184.287871478215,5.98757326572851,184.72288778923,1251.23004369319,451.804963234721,2506,44,FALSE,0,FALSE,63.8911353262304
Indonesia,Male,Ischemic stroke,15-19 years,1.24567919816327,538.352885029407,6.33217102532341,769.748004294742,1251.23004369319,451.804963234721,2506,44,FALSE,0,FALSE,63.8911353262304
Indonesia,Male,Ischemic stroke,2-4 years,2.67635416719403,1143.20859822856,3.69930356677261,1173.53513022196,1251.23004369319,451.804963234721,2506,44,FALSE,0,FALSE,63.8911353262304
Indonesia,Male,Ischemic stroke,20-24 years,8.98058818393525,1046.79565855009,21.7095950052077,2241.55101823597,1251.23004369319,451.804963234721,2506,44,FALSE,0,FALSE,63.8911353262304
Indonesia,Male,Ischemic stroke,25-29 years,14.6730909111408,1404.18921263975,16.9418348336344,1751.34689163523,1251.23004369319,451.804963234721,2506,44,FALSE,0,FALSE,63.8911353262304
Indonesia,Male,Ischemic stroke,30-34 years,21.1161145717077,1851.13422999777,69.0705053382634,783.194874558559,1251.23004369319,451.804963234721,2506,44,FALSE,0,FALSE,63.8911353262304
Indonesia,Male,Ischemic stroke,35-39 years,51.5563606171369,2669.54127089014,109.784539405716,2797.94559932869,1251.23004369319,451.804963234721,2506,44,FALSE,0,FALSE,63.8911353262304
Indonesia,Male,Ischemic stroke,40-44 years,199.185664059937,5077.26786184108,50.9518042541587,8195.56155724084,1251.23004369319,451.804963234721,2506,44,FALSE,0,FALSE,63.8911353262304
Indonesia,Male,Ischemic stroke,45-49 years,192.407185892859,7838.83844866048,351.048034883684,5863.7179686283,1251.23004369319,451.804963234721,2506,44,FALSE,0,FALSE,63.8911353262304
Indonesia,Male,Ischemic stroke,5-9 years,0.898486184284796,2123.65488690557,1.23098578513059,2229.87887604429,1251.23004369319,451.804963234721,2506,44,FALSE,0,FALSE,63.8911353262304
Indonesia,Male,Ischemic stroke,50-54 years,206.972085821915,9062.28149816549,382.637068690367,5747.24002018548,1251.23004369319,451.804963234721,2506,44,FALSE,0,FALSE,63.8911353262304
Indonesia,Male,Ischemic stroke,55-59 years,1063.03290050423,6910.18131590588,1356.70326477944,1752.69710963585,1251.23004369319,451.804963234721,2506,44,FALSE,0,FALSE,63.8911353262304
Indonesia,Male,Ischemic stroke,60-64 years,312.118732721639,3468.71072404054,2816.23913980196,14415.892749064,1251.23004369319,451.804963234721,2506,44,FALSE,0,FALSE,63.8911353262304
Indonesia,Male,Ischemic stroke,65-69 years,2164.59735108945,14150.6422075101,4054.52829857299,25569.3421650984,1251.23004369319,451.804963234721,2506,44,FALSE,0,FALSE,63.8911353262304
Indonesia,Male,Ischemic stroke,70-74 years,2343.96473484779,35827.0263478649,2665.2274404877,57351.2735278915,1251.23004369319,451.804963234721,2506,44,FALSE,0,FALSE,63.8911353262304
Indonesia,Male,Ischemic stroke,75-79 years,5833.24926591402,45515.9388490863,3288.69023111883,69120.556429683,1251.23004369319,451.804963234721,2506,44,FALSE,0,FALSE,63.8911353262304
Indonesia,Male,Ischemic stroke,80-84 years,5018.80809001067,38860.5912580121,2426.19821733221,49667.9567615052,1251.23004369319,451.804963234721,2506,44,FALSE,0,FALSE,63.8911353262304
Indonesia,Male,Ischemic stroke,85-89 years,3931.06385295,21028.3875731479,5712.61349250844,25018.0623163392,1251.23004369319,451.804963234721,2506,44,FALSE,0,FALSE,63.8911353262304
Indonesia,Male,Ischemic stroke,90-94 years,1752.62962106025,5585.30471166412,1554.20790112084,5592.98214545984,1251.23004369319,451.804963234721,2506,44,FALSE,0,FALSE,63.8911353262304
Indonesia,Male,Ischemic stroke,95+ years,567.321292431014,1316.66204798646,551.779237424177,1315.13713148641,1251.23004369319,451.804963234721,2506,44,FALSE,0,FALSE,63.8911353262304
Indonesia,Male,Ischemic stroke,<1 year,0.943261885126791,8.2279830916589,0.943261885126791,8.2279830916589,1251.23004369319,451.804963234721,2506,44,FALSE,0,FALSE,63.8911353262304
Indonesia,Male,Rheumatic heart disease,10-14 years,4.72920174151242,518.778718619386,17.2855201386131,1107.57457890274,328.092076053746,196.418880449109,2506,42,FALSE,0,FALSE,40.1330008296412
Indonesia,Male,Rheumatic heart disease,12-23 months,4.05193236847693,112.653318065829,4.05193236847693,112.653318065829,328.092076053746,196.418880449109,2506,42,FALSE,0,FALSE,40.1330008296412
Indonesia,Male,Rheumatic heart disease,15-19 years,14.8030201638625,1320.76752286922,16.275351430604,5050.52571721407,328.092076053746,196.418880449109,2506,42,FALSE,0,FALSE,40.1330008296412
Indonesia,Male,Rheumatic heart disease,2-4 years,10.6092116585602,908.561175695016,11.9796789300714,915.841458847282,328.092076053746,196.418880449109,2506,42,FALSE,0,FALSE,40.1330008296412
Indonesia,Male,Rheumatic heart disease,20-24 years,39.3612611311941,3711.57250862508,21.0920096306062,3295.94718328714,328.092076053746,196.418880449109,2506,42,FALSE,0,FALSE,40.1330008296412
Indonesia,Male,Rheumatic heart disease,25-29 years,12.6779251269535,6802.03382682034,10.1523461248688,4068.71582298089,328.092076053746,196.418880449109,2506,42,FALSE,0,FALSE,40.1330008296412
Indonesia,Male,Rheumatic heart disease,30-34 years,17.5452796384145,5638.24155744687,36.0952559322141,6627.3236734852,328.092076053746,196.418880449109,2506,42,FALSE,0,FALSE,40.1330008296412
Indonesia,Male,Rheumatic heart disease,35-39 years,23.7267349089672,2151.08294674387,40.4869848928441,2130.60965344777,328.092076053746,196.418880449109,2506,42,FALSE,0,FALSE,40.1330008296412
Indonesia,Male,Rheumatic heart disease,40-44 years,34.1649083464883,2931.79495510478,37.2483907537705,3009.19331698003,328.092076053746,196.418880449109,2506,42,FALSE,0,FALSE,40.1330008296412
Indonesia,Male,Rheumatic heart disease,45-49 years,41.3809697978039,6553.82645059564,40.4030489765839,7092.92459201604,328.092076053746,196.418880449109,2506,42,FALSE,0,FALSE,40.1330008296412
Indonesia,Male,Rheumatic heart disease,5-9 years,9.24759684207743,2497.94067761249,17.2133195312176,2643.82989154214,328.092076053746,196.418880449109,2506,42,FALSE,0,FALSE,40.1330008296412
Indonesia,Male,Rheumatic heart disease,50-54 years,52.7287360923006,6704.68700493532,50.25661693459,7402.80570455963,328.092076053746,196.418880449109,2506,42,FALSE,0,FALSE,40.1330008296412
Indonesia,Male,Rheumatic heart disease,55-59 years,49.4813840975624,5144.17826662633,31.0371909148083,5365.35779846682,328.092076053746,196.418880449109,2506,42,FALSE,0,FALSE,40.1330008296412
Indonesia,Male,Rheumatic heart disease,60-64 years,41.0822125762305,3145.50013544508,46.7934444603391,3114.65302762092,328.092076053746,196.418880449109,2506,42,FALSE,0,FALSE,40.1330008296412
Indonesia,Male,Rheumatic heart disease,65-69 years,34.6002031878381,2004.10156479262,35.6261276965173,1934.11477137758,328.092076053746,196.418880449109,2506,42,FALSE,0,FALSE,40.1330008296412
Indonesia,Male,Rheumatic heart disease,70-74 years,38.9847845744582,2060.80402139948,16.4532228803081,2219.28525290542,328.092076053746,196.418880449109,2506,42,FALSE,0,FALSE,40.1330008296412
Indonesia,Male,Rheumatic heart disease,75-79 years,36.1363817834238,1604.09399964579,24.4226758082223,1747.86267970589,328.092076053746,196.418880449109,2506,42,FALSE,0,FALSE,40.1330008296412
Indonesia,Male,Rheumatic heart disease,80-84 years,26.8635753039771,941.525940208401,11.84817031227,988.629245401839,328.092076053746,196.418880449109,2506,42,FALSE,0,FALSE,40.1330008296412
Indonesia,Male,Rheumatic heart disease,85-89 years,16.5644636226192,350.767358215488,7.52740065452306,438.805570549811,328.092076053746,196.418880449109,2506,42,FALSE,0,FALSE,40.1330008296412
Indonesia,Male,Rheumatic heart disease,90-94 years,8.76817083619534,74.7462109776528,4.8597468530448,109.627352578019,328.092076053746,196.418880449109,2506,42,FALSE,0,FALSE,40.1330008296412
Indonesia,Male,Rheumatic heart disease,95+ years,4.44667489767175,17.6687053313121,5.22813236515622,17.6335817970182,328.092076053746,196.418880449109,2506,42,FALSE,0,FALSE,40.1330008296412
Indonesia,Male,Rheumatic heart disease,<1 year,0,0,0,0,328.092076053746,196.418880449109,2506,42,FALSE,0,FALSE,40.1330008296412
