scenario,age,cause,sex,year,well,sick,newcases,dead,pop,all.mx,intervention,location
all_plus_fair,6,rhd,Male,2046,2235300.97511864,727.684130865307,193.041537650886,2.36157641675806,2236950.1969901,921.537740588468,FAIR,Indonesia
all_plus_fair,95,hhd,Male,2040,90019.3896992986,6558.46824394853,1298.57153650769,858.19097983122,131860.420395701,35282.562452454,FAIR,Indonesia
all_plus_fair,55,hstroke,Female,2027,1666547.31489601,16444.6053143507,3366.07045655959,3164.48811348198,1696774.72142622,13782.8012158604,FAIR,Indonesia
all_plus_fair,13,hstroke,Male,2049,2226012.53332118,1503.01574349958,79.7867118967522,14.7288119906603,2228242.79837428,727.249309595575,FAIR,Indonesia
baseline,87,rhd,Male,2030,119269.799814913,347.127773554917,10.6748955801458,5.11024813724923,134673.946191741,15057.0186032734,b.a.u,Indonesia
fair_only,92,istroke,Female,2033,113228.726285254,5273.19027629788,2966.9376405506,4036.01188140112,138182.279497873,19680.3629363213,FAIR,Indonesia
fair_only,21,cmd,Female,2041,2088016.78135375,305.136756425364,15.8021008682882,16.5681782448631,2090271.39150046,1949.47339028318,FAIR,Indonesia
fair_only,11,ihd,Female,2024,2394468.78057803,0,0,0,2395384.49408396,915.713505932624,FAIR,Indonesia
all_plus_fair,64,dm2,Female,2033,1128575.3109045,286853.738652188,13701.8263365971,1791.4491107698,1443399.83235277,27970.7827960841,FAIR,Indonesia
baseline,62,ihd,Female,2032,1427835.12516827,70099.7092277294,9336.80975135353,4725.55042212568,1525364.01472769,27429.1803316937,b.a.u,Indonesia
fair_only,46,rhd,Male,2033,1986589.24078531,14871.2115288476,66.1970948081786,33.1873401397796,2017326.17632824,15865.7240140857,FAIR,Indonesia
baseline,34,hhd,Male,2022,2125332.68772738,388.690481225353,88.4000048412182,63.6173202652469,2130888.15796561,5166.77975700328,b.a.u,Indonesia
all_plus_fair,19,cmd,Male,2035,2375548.36767387,606.327859438217,16.1531889304219,26.25698929632,2379121.76731811,2967.07178479949,FAIR,Indonesia
fair_only,57,rhd,Male,2027,1511208.2939876,9678.33668687171,37.8324662295237,42.3647924460405,1546547.40452154,25660.7738470728,FAIR,Indonesia
baseline,86,dm2,Female,2044,315044.717506252,101244.704779474,1454.24533910928,2505.73359038323,444555.239492812,28265.8172070865,b.a.u,Indonesia
baseline,0,hhd,Male,2034,2275863.24585996,0,0,0,2329001.5,53138.2541400366,b.a.u,Indonesia
fair_only,29,hhd,Female,2047,2092231.52376497,382.502209544981,57.7221645563355,14.6097750139314,2095481.94138722,2867.91541270412,FAIR,Indonesia
all_plus_fair,68,ihd,Female,2029,958727.626150749,85951.9324809431,9350.24741282036,3196.46690007639,1067234.85372074,22555.2950890506,FAIR,Indonesia
all_plus_fair,16,istroke,Male,2025,2420226.61689369,3402.81592587441,335.53414181235,9.33273479529706,2425944.25704863,2314.82422907319,FAIR,Indonesia
all_plus_fair,47,istroke,Female,2024,1867301.57022043,14186.7858166686,1240.36326870988,348.568493389378,1890039.52995447,8551.17391736417,FAIR,Indonesia
all_plus_fair,77,cmd,Female,2044,960494.985898739,992.685919682113,291.674457150305,102.66964210001,996085.02629599,34597.3544775685,FAIR,Indonesia
all_plus_fair,18,istroke,Female,2030,2405847.5849036,3311.50127278767,331.395819264662,28.1892197817998,2411433.75189705,2274.66572066441,FAIR,Indonesia
baseline,17,rhd,Male,2048,2208314.5819293,7607.79944344248,1067.88083052389,18.4635916813969,2217821.6049078,1899.22353506216,b.a.u,Indonesia
baseline,84,dm2,Female,2030,248264.772318043,57952.8916166234,1595.68413656412,1421.04266197078,328711.260071954,22493.5961372878,b.a.u,Indonesia
baseline,65,rhd,Female,2034,1373859.72782421,10550.9948459669,66.6619664493348,70.6337900952719,1413884.82481286,29474.1021426774,b.a.u,Indonesia
all_plus_fair,23,ihd,Male,2027,2258693.91200254,6647.11994284162,1567.86876892835,218.493169171423,2269402.68879455,4061.6568491679,FAIR,Indonesia
baseline,21,istroke,Male,2029,2402136.02735356,5227.04650852745,364.134502824036,19.5154339679196,2411043.00542592,3679.93156383652,b.a.u,Indonesia
baseline,82,hhd,Female,2026,324923.77340218,6222.71904997892,879.518809668177,508.307866858283,353000.899002233,21854.4065500739,b.a.u,Indonesia
all_plus_fair,22,ihd,Male,2036,2435331.55608794,5397.85784055989,1540.59747991098,183.173350998734,2444646.55904197,3917.14511347059,FAIR,Indonesia
baseline,40,rhd,Female,2032,2001926.56572717,16977.6651264913,65.852405072595,78.6429712919324,2024994.18277825,6089.95192459275,b.a.u,Indonesia
fair_only,87,cmd,Male,2017,38545.9369433238,185.99704482453,0,25.0418835397155,43502.5,4795.60789539135,FAIR,Indonesia
baseline,82,rhd,Male,2017,118819.527117187,232.809800085899,0,4.56604640832094,130062,11014.2291291356,b.a.u,Indonesia
all_plus_fair,84,rhd,Female,2026,268977.954663995,908.396387489893,11.827227404906,11.211084875368,289902.050119699,20015.6990682136,FAIR,Indonesia
all_plus_fair,31,istroke,Female,2030,2125931.82637628,6711.56698146784,424.539737437803,68.0411730537429,2136069.99799174,3426.60463398991,FAIR,Indonesia
all_plus_fair,83,cmd,Male,2020,130482.778148908,450.376207436443,131.141907403911,87.1204421222973,143565.121140035,12631.9667836907,FAIR,Indonesia
all_plus_fair,86,cmd,Female,2035,273107.041943247,1095.72302498753,267.906110499614,68.4517575334914,292587.522213216,18384.7572449812,FAIR,Indonesia
fair_only,73,hhd,Male,2047,953456.595294142,12718.1798714363,1686.83372463139,1266.0720480212,1011010.72134175,44835.9461761685,FAIR,Indonesia
fair_only,69,hstroke,Male,2020,532906.176564803,2678.95424381633,2277.93037345162,2913.75268885299,559343.184244718,23758.0534360981,FAIR,Indonesia
fair_only,59,cmd,Male,2029,1466163.18129535,263.712295598072,86.6501669649301,82.2260049811444,1494456.51167969,28029.6180887323,FAIR,Indonesia
baseline,79,cmd,Male,2041,527321.204397111,722.64048384043,156.613558707393,171.495267896939,561216.584215584,33172.7393346329,b.a.u,Indonesia
baseline,36,ihd,Female,2023,1993632.37378222,17940.272820835,1737.20153884363,599.075353120816,2015761.29082823,4188.64422518068,b.a.u,Indonesia
fair_only,57,rhd,Male,2044,1737971.46550039,13270.2367919765,43.4734639575673,47.0779824393313,1779324.12508752,28082.4227951475,FAIR,Indonesia
fair_only,39,ihd,Male,2039,2126909.71195262,29424.9326427043,5018.76481596814,1351.57905847021,2163667.83489411,7333.19029878589,FAIR,Indonesia
fair_only,73,hhd,Male,2046,941714.66249194,12458.3499554118,1666.25012509707,1257.79543602482,998571.938105722,44398.9256583698,FAIR,Indonesia
baseline,39,istroke,Male,2025,2071468.33490724,15709.1630179011,1879.49935582164,123.499162792362,2094759.10044768,7581.60252253668,b.a.u,Indonesia
all_plus_fair,39,hstroke,Female,2043,2087235.13057096,11320.3683231463,1790.85384467635,667.757550152406,2104048.18537156,5492.68647745512,FAIR,Indonesia
baseline,48,ihd,Male,2024,1804743.89813374,51329.5717639575,5937.88872965681,4236.4656282326,1873787.97321266,17714.5033149632,b.a.u,Indonesia
all_plus_fair,38,ihd,Male,2034,2162407.36127694,26243.8890410521,4551.4738785059,1118.96891500344,2195364.95465114,6713.70433314624,FAIR,Indonesia
fair_only,83,ihd,Male,2021,122674.187768428,17315.9251866098,1353.52281320953,1685.3712445387,154754.847705091,14764.7347500539,FAIR,Indonesia
baseline,51,rhd,Male,2046,1959417.19287259,13753.3771816247,57.5264239642565,67.0049108980724,1994332.22460146,21161.6545472473,b.a.u,Indonesia
all_plus_fair,27,cmd,Female,2043,2242481.74612444,339.278011967592,19.3593377156008,35.9172351346763,2245602.57162303,2781.54748662111,FAIR,Indonesia
all_plus_fair,50,hstroke,Male,2039,1945804.4408129,9605.45985744122,2921.53656053243,2776.92324648404,1976845.85263779,21435.9519674527,FAIR,Indonesia
baseline,75,rhd,Male,2017,302233.515333673,768.23174958774,0,8.57296054671664,320046.5,17053.3258772862,b.a.u,Indonesia
baseline,23,ihd,Male,2047,2180847.0718648,6112.48985267916,1513.68700594867,222.615786240672,2190683.91881495,3724.35709747243,b.a.u,Indonesia
all_plus_fair,44,hstroke,Male,2035,2050434.44703894,9494.06918116634,1810.88445375011,1908.60445133179,2070651.17606402,10722.6598439162,FAIR,Indonesia
baseline,57,dm2,Male,2044,1438861.6605373,306748.354442582,8228.85604472995,2056.83516408383,1774552.22342457,28942.2084446846,b.a.u,Indonesia
fair_only,24,cmd,Male,2025,2230725.26559942,547.427294421897,19.8019408278775,18.3612938131641,2235434.04631981,4161.35342597012,FAIR,Indonesia
baseline,28,rhd,Male,2038,2384205.67793281,16969.9826609542,189.628775249653,56.4198579681669,2406437.62204167,5261.96144790733,b.a.u,Indonesia
baseline,68,istroke,Male,2024,664424.872544241,56484.1584976169,6072.58227037648,3178.11988240566,749132.605313959,28223.5742721007,b.a.u,Indonesia
fair_only,44,istroke,Female,2032,1962095.81598598,12396.2880429431,770.889172482979,239.244076853815,1983297.55511648,8805.45108755917,FAIR,Indonesia
baseline,43,ihd,Female,2034,1966282.17387825,23671.8463869457,1825.88121652776,1601.71591578026,1998502.27493228,8548.2546670863,b.a.u,Indonesia
fair_only,43,ihd,Male,2023,2001384.05500174,45459.5903699596,4919.20475216503,1465.90944941957,2056017.74630469,9174.10093299271,FAIR,Indonesia
fair_only,73,dm2,Female,2039,799400.757863009,268776.281728086,5416.20422155785,3644.54520173922,1100022.765263,31845.725671909,FAIR,Indonesia
all_plus_fair,48,hhd,Male,2045,2089760.53829248,3197.53893197696,710.091494750068,608.776606275474,2113691.46927013,20733.3920456698,FAIR,Indonesia
all_plus_fair,62,hstroke,Female,2043,1708740.02970033,17858.4165388819,8093.04166909419,10803.0533562669,1756989.68880558,30391.2425663633,FAIR,Indonesia
fair_only,5,rhd,Male,2017,2554867.61022795,1390.95704966361,0,6.88216176256455,2558834.5,2582.81488414828,FAIR,Indonesia
baseline,9,hstroke,Male,2023,2468876.77835477,1688.49317749231,167.720634808539,15.3002788350284,2471850.18536257,1284.9138303047,b.a.u,Indonesia
baseline,12,cmd,Female,2021,2310354.76883763,377.289779740837,16.5332031873785,10.4434945533307,2311635.38763125,903.32901388615,b.a.u,Indonesia
fair_only,73,cmd,Female,2020,529831.747559538,255.770040013991,47.3646527323547,40.8694127283013,546257.215280524,16169.6976809724,FAIR,Indonesia
baseline,35,hhd,Male,2021,2113745.73256371,426.88295839618,103.30970994546,69.9397384550222,2119553.20452534,5380.58900322845,b.a.u,Indonesia
baseline,43,rhd,Male,2050,2246311.93862015,16668.663062325,60.6779922288512,40.8257954118844,2272938.23581848,9957.63413600506,b.a.u,Indonesia
baseline,2,hhd,Female,2021,2113850.86266077,0,0,0,2119435.87563992,5585.01297914709,b.a.u,Indonesia
fair_only,65,hstroke,Female,2019,824443.689915453,8529.5762424893,4660.2773398675,4653.33288695082,849503.436739344,16530.1705814018,FAIR,Indonesia
fair_only,15,dm2,Male,2024,2423865.37764708,2078.87940155564,1385.99047582236,0.201084723683489,2427908.79647841,1964.53942977261,FAIR,Indonesia
fair_only,25,rhd,Female,2040,2264147.41917537,18599.3085607323,893.509200300717,50.9850392428132,2285185.19914695,2438.47141085311,FAIR,Indonesia
fair_only,61,cmd,Female,2048,1719167.42719384,484.609766216694,91.6925496616252,93.5746350017122,1749490.54166978,29838.5047097213,FAIR,Indonesia
baseline,62,hhd,Male,2049,1572558.67719601,6066.69158358163,2344.3159397097,1491.42307167945,1616627.98162881,38002.6128492143,b.a.u,Indonesia
fair_only,23,rhd,Female,2029,2228683.80529504,16554.7314088935,1080.21893846851,49.586021948592,2247713.93391608,2475.39721214243,FAIR,Indonesia
baseline,84,hhd,Male,2047,366142.497576907,5312.85557884754,1075.31735504991,952.048546577321,405412.871960998,33957.5188052428,b.a.u,Indonesia
fair_only,18,cmd,Male,2021,2265150.95029769,534.294044357377,13.8952314876886,20.9659074445886,2268787.99341682,3102.7490747709,FAIR,Indonesia
fair_only,81,hstroke,Male,2044,478598.519323923,3729.49331937594,3864.78228625062,2894.30516480629,516748.139306402,34420.1266631025,FAIR,Indonesia
baseline,90,istroke,Female,2028,126821.302019915,8428.92610351573,2290.73484372202,2169.0006282333,149527.843318612,14277.6151951813,b.a.u,Indonesia
fair_only,12,cmd,Female,2049,2115502.0639991,336.042658437566,15.136266973415,10.1928181895224,2116310.15831568,472.051658137937,FAIR,Indonesia
baseline,67,cmd,Female,2024,915504.327117818,283.983815043822,64.7429804212623,31.2595343600602,934636.817098394,18848.5061655323,b.a.u,Indonesia
fair_only,35,ihd,Female,2044,2230003.10136392,19771.7561548283,1830.68861733571,705.689813596893,2254230.08106257,4455.22354381695,FAIR,Indonesia
fair_only,71,hhd,Female,2039,1175552.87154107,11355.0518980443,2654.64201303161,400.30562404688,1219276.1868985,32368.2634593857,FAIR,Indonesia
baseline,85,hhd,Male,2031,161013.584513073,2454.72146007497,481.375009227053,457.619097057559,180014.532966452,16546.2269933047,b.a.u,Indonesia
fair_only,60,istroke,Female,2045,1753751.33196948,45858.7833121682,5681.68206092209,1155.02065324722,1822126.98007161,22516.8647899534,FAIR,Indonesia
baseline,38,hhd,Female,2022,2085107.16004913,822.136958886757,106.156646100712,42.5217691303391,2090907.03374843,4977.73674041231,b.a.u,Indonesia
fair_only,57,hstroke,Male,2029,1551987.18318539,9963.03929447006,3443.50810959218,4390.44116358831,1588076.98722307,26126.7647432157,FAIR,Indonesia
fair_only,49,rhd,Male,2021,1726515.9497717,11541.5524976636,63.2789552913292,32.1591258376806,1755951.19618974,17893.6939203789,FAIR,Indonesia
baseline,76,cmd,Male,2033,514323.501073363,840.588672750368,108.344007583902,220.17709667152,543714.901392857,28550.811646743,b.a.u,Indonesia
fair_only,40,istroke,Female,2045,2125217.55109968,11470.2398828126,900.951526684051,168.857699158069,2142915.31883091,6227.52784842113,FAIR,Indonesia
fair_only,76,istroke,Female,2032,638062.768255224,44744.4214995451,6099.3472739015,2477.34676090452,705933.165267711,23125.9755129413,FAIR,Indonesia
baseline,39,dm2,Male,2033,1985338.92791896,147164.033504583,10204.1153190412,201.423278411345,2140028.05330467,7525.09188113323,b.a.u,Indonesia
fair_only,91,hhd,Male,2023,25122.7580346629,997.453256029798,264.942583679393,134.320453601527,30675.9380825895,4555.72679189688,FAIR,Indonesia
baseline,17,rhd,Female,2047,2097761.00772945,8603.77350433199,1237.13256577613,53.6365843070465,2107749.94200486,1385.16077107742,b.a.u,Indonesia
all_plus_fair,78,cmd,Male,2037,504927.859416311,823.893264766568,127.55475853571,151.963683084594,534830.134617998,29078.3819369208,FAIR,Indonesia
fair_only,41,rhd,Female,2043,2043218.00330007,18117.3770808964,131.242002998115,104.544450355015,2068784.20145739,7448.82107642152,FAIR,Indonesia
all_plus_fair,20,dm2,Female,2042,2080447.3885921,12310.2719589657,2679.97903787393,7.19986174156925,2094732.78650996,1975.12595889484,FAIR,Indonesia
fair_only,33,istroke,Female,2045,2356381.12239499,8244.8801056195,541.355493641702,90.923315118577,2368591.95497594,3965.95247532759,FAIR,Indonesia
fair_only,48,istroke,Female,2026,1885983.60223822,15286.7522359458,1345.61675914572,391.137549710527,1910530.98825983,9260.63378566541,FAIR,Indonesia
fair_only,26,dm2,Female,2034,2238444.97128165,42222.486849861,4454.7654462539,23.4149764557425,2283535.27465701,2867.81652549884,FAIR,Indonesia
all_plus_fair,50,cmd,Male,2022,1719043.69717623,317.722058048582,57.4873325178893,79.11938361899,1738057.50226936,18696.0830350813,FAIR,Indonesia
all_plus_fair,41,hstroke,Male,2026,2104352.93113127,9895.68361520343,1331.93152018989,1516.08296508294,2122347.07519022,8098.46044374814,FAIR,Indonesia
baseline,77,ihd,Female,2045,883240.559751004,90218.2411730724,8740.21195561154,5195.1961675981,1009566.53927459,36107.7383505157,b.a.u,Indonesia
baseline,3,hhd,Male,2017,2483213.39462733,0,0,0,2486677,3463.60537266802,b.a.u,Indonesia
fair_only,70,cmd,Male,2035,916449.682215331,748.879078562518,173.248400067236,65.7948186240974,958459.870210614,41261.3089167204,FAIR,Indonesia
all_plus_fair,71,istroke,Female,2043,1210336.1813169,62753.3131500483,6747.31187990013,2864.04138363122,1307437.79864014,34348.3041731912,FAIR,Indonesia
all_plus_fair,7,hhd,Female,2028,2105861.30241636,0,0,0,2106960.16537968,1098.86296331953,FAIR,Indonesia
baseline,53,cmd,Female,2049,1961154.70819205,278.955728824841,41.0639909223453,44.4479898543546,1974622.10897779,13188.4450569201,b.a.u,Indonesia
baseline,44,rhd,Female,2035,1964013.826398,16984.4384166543,131.736251524678,111.753610866218,1989954.0202652,8955.75545054707,b.a.u,Indonesia
baseline,55,istroke,Male,2021,1412510.39735062,35959.4486345532,3265.89531110716,909.982710662718,1470990.63249376,22520.7865085823,b.a.u,Indonesia
fair_only,30,hstroke,Female,2037,2250325.33011976,6643.45147793764,681.696012207889,314.156787024975,2260442.61925436,3473.83765665529,FAIR,Indonesia
all_plus_fair,8,istroke,Male,2035,2219234.6037768,996.313944732915,146.039015635909,0.708493231038381,2221054.38556946,823.467847930686,FAIR,Indonesia
all_plus_fair,36,ihd,Female,2033,2119630.69244277,20561.5445509286,1846.82328126391,763.500231450835,2144579.65449374,4387.41750004545,FAIR,Indonesia
all_plus_fair,82,dm2,Female,2027,278730.805286616,62174.9179499597,1690.72309496665,1296.35135658332,363347.431454198,22441.7082176233,FAIR,Indonesia
fair_only,30,hhd,Male,2023,2163668.0167737,343.783516171398,60.0329595053661,28.024723874572,2168816.81995718,4805.01966730074,FAIR,Indonesia
fair_only,38,hhd,Male,2036,2211376.13428335,1012.10875802265,307.366822652417,118.103764980885,2219120.35021503,6732.10717365818,FAIR,Indonesia
fair_only,21,cmd,Female,2044,2091708.76615245,304.62389913979,15.829745275904,16.6885586279274,2093927.18403806,1913.79398647211,FAIR,Indonesia
fair_only,3,hhd,Male,2018,2441528.21809871,0,0,0,2446167.644307,4639.42620829042,FAIR,Indonesia
all_plus_fair,57,istroke,Female,2030,1648067.72851968,32064.5679514148,4120.08851766764,660.154351532581,1695885.04130381,15752.7448327177,FAIR,Indonesia
fair_only,9,rhd,Male,2043,2226438.63497657,1842.08233640774,416.046163041107,6.74968827069396,2228992.74564041,712.028327433723,FAIR,Indonesia
baseline,48,hhd,Female,2032,2000821.61646894,2064.18741323985,416.47270632574,243.299444149293,2012731.24382136,9845.43993918047,b.a.u,Indonesia
fair_only,38,hhd,Male,2021,2152383.88334358,989.849214380019,299.248584244546,135.283747200478,2160533.33281478,7159.60025682291,FAIR,Indonesia
all_plus_fair,33,dm2,Male,2037,2117083.15540651,100668.379257372,6292.49437908081,100.09981874623,2222886.54594334,5135.01127945644,FAIR,Indonesia
baseline,0,cmd,Female,2047,2166820.379081,205.735704724684,0,52.1368352215847,2206294,39320.0220494962,b.a.u,Indonesia
all_plus_fair,22,rhd,Female,2023,2117161.47499665,13039.7490015613,1072.82951541785,50.4162992932393,2132665.3828065,2464.15880829037,FAIR,Indonesia
all_plus_fair,40,dm2,Male,2030,1940703.1376657,151136.945489583,10383.9578864485,234.385498184695,2100122.49781339,8282.41465811338,FAIR,Indonesia
all_plus_fair,85,istroke,Female,2022,178594.063597021,8931.69546949916,1587.81704485388,2464.09070736325,201969.097933967,14443.3388674462,FAIR,Indonesia
baseline,31,hhd,Female,2022,2054380.66143935,464.883301841314,97.1589793937114,43.7667915451161,2058261.80654556,3416.26180436974,b.a.u,Indonesia
all_plus_fair,66,istroke,Female,2045,1501693.83689921,69164.7492973467,3171.36825053319,2814.80312348454,1600592.71597946,29734.1297829005,FAIR,Indonesia
baseline,39,dm2,Female,2046,2087184.21034599,128939.454779444,7202.83878697723,149.960351740135,2222072.81831835,5949.15319292519,b.a.u,Indonesia
fair_only,8,cmd,Female,2028,2103602.89869243,307.197164877827,5.12349416455253,2.32131773773767,2104770.80513776,860.709280453778,FAIR,Indonesia
all_plus_fair,1,istroke,Male,2032,2237191.85255503,177.887145857429,46.7999676751531,7.4492764856135,2275863.24585996,38493.50615908,FAIR,Indonesia
fair_only,41,rhd,Male,2046,2194013.3229242,15883.9839888363,56.2679951941865,33.4402837351318,2217836.27370128,7938.96678824201,FAIR,Indonesia
fair_only,89,istroke,Male,2031,78294.4792130819,11092.8049519725,2895.65839401659,3419.57602337461,102779.431659262,13392.147494208,FAIR,Indonesia
