cause,year,prev_model,death_model,prev_target,death_target
hhd,2023,398174.156581435,63456.9979776944,431402.261321539,64788.7625644759
hhd,2025,453221.0508491,67656.5589894958,460942.301331282,68369.4515902063
hhd,2026,471359.834461258,70326.6034535198,476722.274151996,70205.5444609687
hhd,2027,486077.362780153,72290.1699912092,493024.839548223,72037.2213548422
hhd,2028,498744.951731358,73846.8742094397,509858.219473178,73940.9322584664
hhd,2029,509478.473373463,75452.2225775915,527111.319178019,75899.0656756695
hhd,2030,520297.732196401,76004.3747737111,545013.255067735,77901.3698843323
hhd,2031,531504.090557954,76556.6280135149,563535.531621648,79801.6723069141
hhd,2032,543124.101720715,77198.3893074221,582483.723025418,81726.1395401363
hhd,2033,555277.359158931,77917.1620906902,601882.093786819,83664.2426267126
hhd,2034,567273.642436391,78781.7232358728,621610.080185113,85592.4346955625
hhd,2035,579995.172466871,79456.6324211876,641839.629717873,87538.8051881387
hhd,2036,593359.731499589,80302.8429955226,662437.622158992,89547.4429628496
hhd,2037,607226.65286798,81244.6913895843,683262.399716919,91572.3300173436
hhd,2038,621650.16225564,82253.930841494,704428.348099239,93598.8799499538
hhd,2039,635787.971332228,83389.1809587923,725594.855344843,95678.4904459655
hhd,2040,650347.171359419,84431.8911758369,746973.300892266,97725.1636490714
hhd,2041,665281.394166628,85532.3195906077,768402.833863496,99766.5954039218
hhd,2042,680485.192431276,86657.3132213297,789822.789185644,101783.107314061
hhd,2043,696055.839279261,87779.034425801,811405.396750772,103750.576069323
hhd,2044,711218.32812521,88912.4462868978,832786.900160964,105678.748432853
hhd,2045,726486.456587552,90041.6045905888,853972.243249317,107621.350859361
hhd,2046,741764.268871816,91198.8909425984,874860.420962294,109557.280652654
hhd,2047,757093.248363789,92333.8882911569,895615.702486939,111430.545268355
hhd,2048,772625.898951972,93427.507277049,916315.988629367,113225.672904174
hhd,2049,787603.468855428,94546.8656755522,936588.173970535,115021.050929854
hhd,2050,802290.53275889,95625.9439694284,956045.722019114,116763.655071799
hstroke,2023,1137150.96457904,218575.591705942,1138274.14877578,244306.35453844
hstroke,2025,1157495.33065309,263295.70058044,1157912.16371836,251529.651264623
hstroke,2026,1163101.74763447,259504.468011332,1166906.28143898,255060.567690241
hstroke,2027,1162894.59376265,260330.421136777,1175392.54917774,258464.81212589
hstroke,2028,1165983.51336179,257765.323271705,1183362.32143186,261952.300911104
hstroke,2029,1166644.17574801,258334.317394862,1190711.44478456,265596.502446578
hstroke,2030,1168633.99757984,257411.197787159,1197391.164885,269055.297678075
hstroke,2031,1169874.0211217,257245.005480193,1203589.54411222,271969.613790048
hstroke,2032,1171572.50241654,256745.676365841,1209292.63019641,274695.125899113
hstroke,2033,1172926.37126758,256655.559026211,1214496.29720258,277171.895919058
hstroke,2034,1174094.28601713,256753.127116244,1219148.2827598,279504.733271524
hstroke,2035,1174929.42115476,256807.532230081,1223215.77301416,281608.83281891
hstroke,2036,1175636.36529532,256933.398229342,1226894.44173959,283659.287098491
hstroke,2037,1176108.45141302,257070.973149134,1230122.53681572,285531.092936508
hstroke,2038,1176344.16319777,257130.676610817,1232826.79495774,287190.974441803
hstroke,2039,1176168.65110099,257441.86914337,1235044.85252805,288810.125863796
hstroke,2040,1175739.04422689,257451.80463236,1236809.4027226,290107.256816847
hstroke,2041,1175160.11017185,257389.631754286,1238296.03631503,291237.703092189
hstroke,2042,1174384.53505922,257198.349756019,1239395.70801141,292134.935333216
hstroke,2043,1173382.82780376,256777.587157068,1239967.28529051,292737.770402687
hstroke,2044,1171954.61015216,256436.399818879,1240132.45845262,293157.925685105
hstroke,2045,1170381.03246941,255976.908113305,1240008.46978414,293495.980570306
hstroke,2046,1168768.80707638,255431.161412817,1239711.92264572,293716.693745539
hstroke,2047,1166982.37904755,254760.803670819,1239096.51838228,293732.275030831
hstroke,2048,1164967.21699673,253872.047418824,1237974.26328864,293440.053393428
hstroke,2049,1162574.95282764,253105.506935702,1236511.75040032,293099.160481179
hstroke,2050,1160102.4922669,252158.933158969,1234906.93285622,292610.691627406
ihd,2023,4834902.14329305,328567.953247277,5022386.0275316,305341.508643664
ihd,2025,5102083.90698855,335724.869793767,5287141.11186364,324657.285038594
ihd,2026,5224992.02984447,342960.135281865,5422012.81293045,334492.600182388
ihd,2027,5345060.56439589,349405.300730343,5558098.03910634,344304.825517186
ihd,2028,5463892.28222306,356159.252906041,5695459.24501666,354385.529727772
ihd,2029,5577335.16444688,363892.268279926,5832792.18645067,364799.473854425
ihd,2030,5692434.95186848,368920.443479077,5970498.5857884,375261.968918546
ihd,2031,5809459.27108144,374207.729078974,6108812.42907493,385345.673287629
ihd,2032,5927965.33586751,380127.647848666,6247445.54385529,395449.293894064
ihd,2033,6048231.79901667,386583.230936034,6386633.6937722,405440.095412392
ihd,2034,6165314.81756487,393806.920121914,6525164.60176141,415511.758676772
ihd,2035,6284033.10491272,399492.950532998,6662693.57391568,425553.699918226
ihd,2036,6403647.07460713,405992.653493878,6799522.32855049,435781.054798543
ihd,2037,6523601.43550818,413018.343093551,6935435.02201864,446001.328217635
ihd,2038,6644008.192335,420445.264129068,7070606.02505658,456083.942151898
ihd,2039,6760238.21942814,428444.568481745,7203653.75754958,466319.486410509
ihd,2040,6876037.34665342,435208.840989962,7334050.69299855,476275.797180137
ihd,2041,6990953.04348834,442324.306406792,7462604.71044938,486135.672797989
ihd,2042,7104796.47237168,449601.261227495,7589247.50416802,495781.736414276
ihd,2043,7217825.7559417,456915.722046172,7714173.60027207,505100.370798328
ihd,2044,7326275.74827768,464236.623828497,7836211.40095683,514182.140778753
ihd,2045,7432902.55351556,470920.29436777,7954647.24894191,523268.384433641
ihd,2046,7537569.08606469,477828.931731945,8070699.42934699,532289.480612478
ihd,2047,7640350.68929374,484667.16956347,8184320.14028236,540976.489800571
ihd,2048,7741657.53723872,491307.709328566,8295666.99935716,549208.033203778
ihd,2049,7838208.38053693,498010.651524044,8403592.92857232,557389.771648423
ihd,2050,7932343.49493125,504089.426791864,8507695.40047306,565326.862857018
istroke,2023,3278087.15849186,182844.764481632,2971939.22607601,149212.43944425
istroke,2025,3359293.39632981,190841.880003208,3121133.04485525,155998.893529113
istroke,2026,3393164.15926814,190574.613818848,3197871.42238955,159532.866247583
istroke,2027,3428104.45890843,189031.100445512,3275596.35356844,163041.853213166
istroke,2028,3465747.61457096,187116.639879467,3354399.828421,166742.428071557
istroke,2029,3502593.31171439,186821.560087493,3433490.31636965,170518.636399256
istroke,2030,3542691.85482682,185442.493190958,3513127.18670073,174530.640540462
istroke,2031,3586031.25915095,184315.562373235,3593210.53603176,178384.611705506
istroke,2032,3632285.26403196,183730.084212538,3673581.04461291,182398.190833381
istroke,2033,3681778.8485299,183583.042202715,3754449.33872021,186536.241622138
istroke,2034,3730399.1916744,184800.885019324,3835057.86722637,190694.285532464
istroke,2035,3780927.55109093,185365.761103579,3914873.03131336,194953.811865179
istroke,2036,3832819.28381039,186417.92722248,3993935.10481684,199384.391316019
istroke,2037,3885893.24294334,187788.312528489,4072176.21348913,203885.844653549
istroke,2038,3940465.16247086,189347.422266605,4149879.02632394,208403.195527888
istroke,2039,3992870.60799461,191929.610855123,4226010.34648835,213057.302398444
istroke,2040,4045463.69604267,193853.250747764,4300113.07664954,217600.756918724
istroke,2041,4097969.09263275,195926.907201396,4372608.33335389,222072.336114678
istroke,2042,4150496.73415923,198082.814103714,4443625.68200255,226443.843031631
istroke,2043,4203414.84870552,200204.274251736,4513546.93071548,230666.632955834
istroke,2044,4253886.61288298,202762.435405402,4581354.6555745,234718.029880372
istroke,2045,4303545.27367282,204869.328897989,4646482.04485209,238727.530619786
istroke,2046,4352285.37225385,207048.945254603,4709669.9754371,242659.552169462
istroke,2047,4400430.51961213,209160.858915749,4771163.01741878,246376.165730849
istroke,2048,4448369.87092614,211189.299415093,4831383.84920184,249880.083876282
istroke,2049,4493731.96760097,213580.236200068,4889214.92317786,253325.90893678
istroke,2050,4537737.02343236,215570.737440482,4944263.06862582,256557.334198443
rhd,2023,1451769.9273105,5477.67454592907,1341980.85128876,4951.61151393472
rhd,2025,1502673.00418473,5303.42230174403,1364943.92752935,4699.95765041363
rhd,2026,1526383.55656375,5105.60955478559,1376277.55744599,4572.45861553293
rhd,2027,1549466.27519478,4921.4971535539,1387316.84947745,4441.34578361657
rhd,2028,1571763.51342684,4742.08557297834,1397511.34637815,4308.4652239601
rhd,2029,1593471.92909459,4604.06814831639,1407315.72507682,4184.07971009088
rhd,2030,1615215.5658801,4432.1168533299,1417011.81178126,4055.68801774167
rhd,2031,1636914.77633066,4274.72729327381,1426645.9237339,3936.34831013924
rhd,2032,1658212.53244257,4125.72247917104,1435897.53580352,3813.82998128807
rhd,2033,1679000.18440803,3977.71437573526,1444246.1515395,3688.27033682478
rhd,2034,1699088.23445672,3849.43642407178,1452131.54348672,3573.92065506355
rhd,2035,1718753.13053349,3710.43177455469,1459731.84354222,3459.83284856364
rhd,2036,1738090.4467891,3578.66006488627,1467079.65428474,3347.38658867733
rhd,2037,1756628.07744538,3450.19465573699,1473902.52819172,3234.3778395614
rhd,2038,1774513.14406719,3322.82157442101,1479900.03647666,3121.32931683487
rhd,2039,1791635.12379883,3198.02305383022,1485472.31310207,3009.76982966245
rhd,2040,1808192.67265952,3069.25189350158,1490707.46557442,2897.49660635075
rhd,2041,1824239.38986346,2944.01552271229,1495555.21676978,2785.84804233516
rhd,2042,1839487.28501176,2820.51221264468,1499899.12113951,2673.84119842703
rhd,2043,1854128.65241759,2698.33092960504,1503637.12814191,2562.17674893521
rhd,2044,1868066.2686588,2573.79262430521,1507005.278353,2452.51651078816
rhd,2045,1881366.41271753,2452.74707379338,1509995.49839923,2345.14786622927
rhd,2046,1894057.50570313,2335.67260927364,1512553.33021856,2239.26066234631
rhd,2047,1906008.91351611,2222.25178382332,1514657.21899322,2134.19162325356
rhd,2048,1917385.6219481,2112.66174533725,1516398.80423209,2030.58998726718
rhd,2049,1928116.74395863,1998.59223363335,1517829.56110152,1929.40390870295
rhd,2050,1938230.99828885,1888.51500986557,1518922.90134779,1829.79514298564
